{
 "type": "FeatureCollection",
 "generated_at": "2026-08-28T23:45:05.209598+00:00",
 "generated_by": "app.data.build_gap_neighborhoods",
 "keywords_source": "OpenStreetMap via Overpass API (ODbL)",
 "features": [
  {
   "type": "Feature",
   "properties": {
    "key": "g4087009",
    "title": "اراج",
    "subtitle": "شهدای ارتش، بابایی، فخری زاده، گلزار، گلشن غربی",
    "search_keywords": "شهدای ارتش، بابایی، فخری زاده، گلزار، گلشن غربی، صیاد شیرازی، بوستان گلزار، بوستان 22 بهمن، بیمارستان شهید چمران، اراج",
    "district": "منطقه 1",
    "source": "curated-polygon",
    "area_sqkm": 1.366
   },
   "geometry": {
    "type": "Polygon",
    "coordinates": [
     [
      [
       51.47952700875873,
       35.79079813761182
      ],
      [
       51.4832423863933,
       35.78937701956909
      ],
      [
       51.48971359925299,
       35.78645452671913
      ],
      [
       51.49186317240245,
       35.78559783428807
      ],
      [
       51.49194780665957,
       35.78624360389991
      ],
      [
       51.4911633294826,
       35.78903431124213
      ],
      [
       51.49110197802627,
       35.7908469801859
      ],
      [
       51.49207665444334,
       35.79344773465509
      ],
      [
       51.49248278652185,
       35.79501965601773
      ],
      [
       51.49337360315128,
       35.79673441924
      ],
      [
       51.49408043451734,
       35.80033330658662
      ],
      [
       51.48792797318598,
       35.80181878661785
      ],
      [
       51.48655829751422,
       35.80195163640686
      ],
      [
       51.48566126162018,
       35.80090967180842
      ],
      [
       51.47952700875873,
       35.79079813761182
      ]
     ]
    ]
   }
  },
  {
   "type": "Feature",
   "properties": {
    "key": "g9e5ab3d",
    "title": "جوزستان",
    "subtitle": "دزاشیب، سه راه یاسر، لواسانی، سرو، کبیری",
    "search_keywords": "دزاشیب، سه راه یاسر، لواسانی، سرو، کبیری، باهنر، جماران، عمار، دانشکده روابط بین الملل وزارت امور خارجه، مرکز خرید فرمانیه، بوستان مینا، جوزستان",
    "district": "منطقه 1",
    "source": "curated-polygon",
    "area_sqkm": 1.307
   },
   "geometry": {
    "type": "Polygon",
    "coordinates": [
     [
      [
       51.43840425017089,
       35.80545567356555
      ],
      [
       51.44018727380481,
       35.80576460195068
      ],
      [
       51.44338694696076,
       35.80699876836605
      ],
      [
       51.44453963251677,
       35.80762820964531
      ],
      [
       51.44561316136656,
       35.80775573714422
      ],
      [
       51.44834454957877,
       35.80709707400518
      ],
      [
       51.4498872972085,
       35.80706466455585
      ],
      [
       51.45135692859645,
       35.80672567910901
      ],
      [
       51.4518231633701,
       35.80637189155055
      ],
      [
       51.45278101957754,
       35.80578335875899
      ],
      [
       51.45456910018364,
       35.80530166699079
      ],
      [
       51.45495661502807,
       35.80533019732225
      ],
      [
       51.45864775687051,
       35.80370205663872
      ],
      [
       51.46060343546615,
       35.80265082465667
      ],
      [
       51.46145101123361,
       35.8017956529964
      ],
      [
       51.46351049605746,
       35.81179895263515
      ],
      [
       51.46154105511548,
       35.81204218613274
      ],
      [
       51.45846915470506,
       35.81207181628314
      ],
      [
       51.45803518334558,
       35.81211466531703
      ],
      [
       51.45493838383359,
       35.81287126466769
      ],
      [
       51.45297932474446,
       35.8130974075534
      ],
      [
       51.45194945886425,
       35.81313323064772
      ],
      [
       51.4488299297921,
       35.81196835377096
      ],
      [
       51.44639425996274,
       35.81090481733155
      ],
      [
       51.44462778447402,
       35.80987680709828
      ],
      [
       51.44130343690574,
       35.80792246374226
      ],
      [
       51.43878662808005,
       35.80591909410864
      ],
      [
       51.43834712980333,
       35.8055804930935
      ],
      [
       51.43840425017089,
       35.80545567356555
      ]
     ]
    ]
   }
  },
  {
   "type": "Feature",
   "properties": {
    "key": "g26ebf7b",
    "title": "حکمت-دزاشیب",
    "subtitle": "دزاشیب، حکمت، چهارراه حسن آباد، تجریش، مهر محمدی",
    "search_keywords": "دزاشیب، حکمت، چهارراه حسن آباد، تجریش، مهر محمدی، کاوه، موسیوند، کبیری، اندرزگو، برادران سلیمانی شرقی، دکتر علی دادرس، بوستان براتی، بوستان حضرت زهرا، حکمت-دزاشیب",
    "district": "منطقه 1",
    "source": "curated-polygon",
    "area_sqkm": 1.966
   },
   "geometry": {
    "type": "Polygon",
    "coordinates": [
     [
      [
       51.43473577777263,
       35.79392964792662
      ],
      [
       51.43605854339346,
       35.79401621339288
      ],
      [
       51.43862869058425,
       35.79440534096533
      ],
      [
       51.44270728145996,
       35.79562949324266
      ],
      [
       51.44414981147472,
       35.79575857871401
      ],
      [
       51.44658558314494,
       35.79485926145765
      ],
      [
       51.44730565914987,
       35.79426873797818
      ],
      [
       51.44741886832473,
       35.79519728810327
      ],
      [
       51.4480672075644,
       35.79576031027128
      ],
      [
       51.44899266003514,
       35.79528367785556
      ],
      [
       51.44989794930034,
       35.7956404037619
      ],
      [
       51.44976736282531,
       35.79617032077683
      ],
      [
       51.45010206495564,
       35.7963223954197
      ],
      [
       51.4499739347448,
       35.79769032536094
      ],
      [
       51.45071799796655,
       35.79874185908873
      ],
      [
       51.45161643707171,
       35.79991811674868
      ],
      [
       51.4521141199535,
       35.80010095046467
      ],
      [
       51.45212590065615,
       35.80043645696396
      ],
      [
       51.45161298782489,
       35.80069457215031
      ],
      [
       51.4510166252999,
       35.80110786744071
      ],
      [
       51.451199520063,
       35.80240531632164
      ],
      [
       51.45143926273234,
       35.80327935288826
      ],
      [
       51.45179053502704,
       35.80407151416214
      ],
      [
       51.45276968386683,
       35.80499563535437
      ],
      [
       51.45273952767783,
       35.80574040202844
      ],
      [
       51.45178280827562,
       35.80626955472069
      ],
      [
       51.45143865575713,
       35.80658047949505
      ],
      [
       51.44984746699372,
       35.8069976355665
      ],
      [
       51.44817301436143,
       35.8070424895667
      ],
      [
       51.44556207176137,
       35.80770977636855
      ],
      [
       51.44443335241536,
       35.80747913763894
      ],
      [
       51.44347777039336,
       35.8069448937768
      ],
      [
       51.44122389797304,
       35.80613001395287
      ],
      [
       51.44037613990832,
       35.80574162805626
      ],
      [
       51.44011291030052,
       35.80565045186859
      ],
      [
       51.43738863090882,
       35.80523085925598
      ],
      [
       51.43524842495827,
       35.80492627547434
      ],
      [
       51.43423523603543,
       35.8048555595451
      ],
      [
       51.43412633958196,
       35.80434347866997
      ],
      [
       51.43375324165228,
       35.80072858496829
      ],
      [
       51.43368259868299,
       35.7994839931977
      ],
      [
       51.43397845387799,
       35.79746807478666
      ],
      [
       51.43473577777263,
       35.79392964792662
      ]
     ]
    ]
   }
  },
  {
   "type": "Feature",
   "properties": {
    "key": "gf5e4511",
    "title": "رستم آباد",
    "subtitle": "شهرک شهید چمران، دیباجی - فرمانیه، دستواره، لواسانی، برادران دژمجو",
    "search_keywords": "شهرک شهید چمران، دیباجی - فرمانیه، دستواره، لواسانی، برادران دژمجو، دیباجی شمالی، پاسداران، بدیعی، پایانه دستواره، اقدسیه، بوستان نارنجستان، بیمارستان فرمانیه، سنبل، رستم آباد",
    "district": "منطقه 1",
    "source": "curated-polygon",
    "area_sqkm": 1.811
   },
   "geometry": {
    "type": "Polygon",
    "coordinates": [
     [
      [
       51.46096153889246,
       35.79340024464195
      ],
      [
       51.46239904767784,
       35.79327992247189
      ],
      [
       51.46846011402307,
       35.79189919840312
      ],
      [
       51.47549365543965,
       35.79077476976813
      ],
      [
       51.47694256472606,
       35.79063541415262
      ],
      [
       51.47928524187669,
       35.79080907738224
      ],
      [
       51.48554026281972,
       35.80078305716368
      ],
      [
       51.48236954464441,
       35.80040742038738
      ],
      [
       51.47946412904744,
       35.79953003550214
      ],
      [
       51.47473417746808,
       35.79891632154008
      ],
      [
       51.46154509016721,
       35.80140357128347
      ],
      [
       51.46005641301496,
       35.79497334648254
      ],
      [
       51.46033563783231,
       35.7939936619458
      ],
      [
       51.46096153889246,
       35.79340024464195
      ]
     ]
    ]
   }
  },
  {
   "type": "Feature",
   "properties": {
    "key": "50",
    "title": "شهرک گلها",
    "subtitle": "مژدی، ارتش",
    "search_keywords": "مژدی، ارتش شهرک گلها، شهرک آزادگان، حمیدرضا مژدی، آبادان، پیروز شفیعی، خادم علیزاده، ارتش، صیاد شیرازی، دانشگاه پیام نور، بوستان کنگان، بوستان باغستان، شهرک گلها",
    "district": "منطقه 1",
    "source": "curated-polygon",
    "area_sqkm": 0.545
   },
   "geometry": {
    "type": "Polygon",
    "coordinates": [
     [
      [
       51.49593390836189,
       35.79997491994237
      ],
      [
       51.49637907998531,
       35.80057968804172
      ],
      [
       51.49670070502529,
       35.8006416358897
      ],
      [
       51.49752683837559,
       35.80048010721159
      ],
      [
       51.49811683550905,
       35.80220257109696
      ],
      [
       51.50087891349131,
       35.80154599463065
      ],
      [
       51.50161001400345,
       35.80271308732015
      ],
      [
       51.50228230314663,
       35.80351076280774
      ],
      [
       51.50310029648833,
       35.80403383069027
      ],
      [
       51.50241352790439,
       35.80501656567116
      ],
      [
       51.5020557445295,
       35.80550085832452
      ],
      [
       51.50205822946965,
       35.80632272591721
      ],
      [
       51.50319961204201,
       35.80759293087004
      ],
      [
       51.5031067310134,
       35.80777032529099
      ],
      [
       51.50224158085339,
       35.80760982598721
      ],
      [
       51.5009426099926,
       35.80735618423905
      ],
      [
       51.49983508277313,
       35.8073673691034
      ],
      [
       51.49927314247723,
       35.80763129697945
      ],
      [
       51.49909567443806,
       35.80821679263678
      ],
      [
       51.4983471034673,
       35.80864685082721
      ],
      [
       51.49784163793924,
       35.80829873625829
      ],
      [
       51.49591967716919,
       35.80885744602768
      ],
      [
       51.49520989248602,
       35.8085923418832
      ],
      [
       51.4941783198412,
       35.80639234098246
      ],
      [
       51.49443953640577,
       35.80450768766881
      ],
      [
       51.49425120401484,
       35.80032201800139
      ],
      [
       51.49593390836189,
       35.79997491994237
      ]
     ]
    ]
   }
  },
  {
   "type": "Feature",
   "properties": {
    "key": "gddf50dd",
    "title": "اسلام آباد (شهرک نیایش)",
    "subtitle": "شهرک نیایش، ولایت، ایران زمین، میرمالک، مدیریت",
    "search_keywords": "شهرک نیایش، ولایت، ایران زمین، میرمالک، مدیریت، داوود رشیدی، ناصر سوری، بوستان صبا، بوستان سلام، اسلام آباد (شهرک نیایش)",
    "district": "منطقه 2",
    "source": "curated-polygon",
    "area_sqkm": 0.821
   },
   "geometry": {
    "type": "Polygon",
    "coordinates": [
     [
      [
       51.38391485909458,
       35.75740621733683
      ],
      [
       51.3859725435411,
       35.75689627342739
      ],
      [
       51.38682893197699,
       35.75632400808198
      ],
      [
       51.38708625341257,
       35.75635500399535
      ],
      [
       51.38791235437237,
       35.75839997972545
      ],
      [
       51.38842061882564,
       35.76029049075068
      ],
      [
       51.3876675459084,
       35.76587534210822
      ],
      [
       51.38715379164014,
       35.76924816182688
      ],
      [
       51.38757058838356,
       35.77162458415438
      ],
      [
       51.38857476419584,
       35.77340153210709
      ],
      [
       51.39009101846932,
       35.7756970125829
      ],
      [
       51.39080943857486,
       35.77684869838932
      ],
      [
       51.39260346341313,
       35.77964851325163
      ],
      [
       51.39297803281318,
       35.78194584793902
      ],
      [
       51.39117734098063,
       35.78210889198292
      ],
      [
       51.38922579884132,
       35.78237220192023
      ],
      [
       51.38939278969461,
       35.78147681831098
      ],
      [
       51.38976240091831,
       35.78043649503292
      ],
      [
       51.39050206823739,
       35.77925430469033
      ],
      [
       51.39027070871324,
       35.77851813832659
      ],
      [
       51.38897485742815,
       35.77821172476294
      ],
      [
       51.38804169690413,
       35.77792127943858
      ],
      [
       51.38731677837192,
       35.77664231233395
      ],
      [
       51.38642929750974,
       35.77488396822539
      ],
      [
       51.38598272466562,
       35.77431254569485
      ],
      [
       51.38532002619763,
       35.77400488264671
      ],
      [
       51.3847971846303,
       35.77357336422866
      ],
      [
       51.38460683606823,
       35.77304289650494
      ],
      [
       51.38466008076224,
       35.77252940439966
      ],
      [
       51.38512005883052,
       35.77220094749219
      ],
      [
       51.38547148784464,
       35.77203366800669
      ],
      [
       51.3861580601575,
       35.77238594433022
      ],
      [
       51.38608127979855,
       35.7715816491745
      ],
      [
       51.38603005384007,
       35.77088285704498
      ],
      [
       51.38454530307114,
       35.77075689427171
      ],
      [
       51.38467081600101,
       35.76937961198838
      ],
      [
       51.38428597038124,
       35.76765283114877
      ],
      [
       51.38433637080935,
       35.76468318836274
      ],
      [
       51.38444806452312,
       35.7636859504539
      ],
      [
       51.38440712962443,
       35.76302320462511
      ],
      [
       51.38448279485866,
       35.76254010480298
      ],
      [
       51.38400434362173,
       35.76175032765964
      ],
      [
       51.38409886287699,
       35.75944413282978
      ],
      [
       51.38419249023126,
       35.75842164137811
      ],
      [
       51.38391485909458,
       35.75740621733683
      ]
     ]
    ]
   }
  },
  {
   "type": "Feature",
   "properties": {
    "key": "925",
    "title": "آسمان",
    "subtitle": "فرحزادی، سرو غربی، کوهستان، طاهرخانی، هاشمی رفسنجانی",
    "search_keywords": "فرحزادی، سرو غربی، کوهستان، طاهرخانی، هاشمی رفسنجانی آسمان، برج مسکونی اساتید، کتاب، سرلشکر خلبان شهید خسرو اخباری، زارع، آیت الله اشرفی اصفهانی، ایثار جنوبی، سرلشکر خلبان شهید رضا رئوف، بوستان کوهستان، بوستان، پردیس خواهران دانشگاه امام صادق، آسمان",
    "district": "منطقه 2",
    "source": "curated-polygon",
    "area_sqkm": 2.807
   },
   "geometry": {
    "type": "Polygon",
    "coordinates": [
     [
      [
       51.33718024435066,
       35.77070285582057
      ],
      [
       51.34049755384688,
       35.77101123736048
      ],
      [
       51.34544954770431,
       35.77144472054533
      ],
      [
       51.34893330035048,
       35.77198342202705
      ],
      [
       51.35142518693721,
       35.77241839796242
      ],
      [
       51.35563245856387,
       35.77337762829129
      ],
      [
       51.35779520757855,
       35.77387842786909
      ],
      [
       51.36332807395491,
       35.77479770185843
      ],
      [
       51.36228655634959,
       35.77860951860745
      ],
      [
       51.36109698055455,
       35.7833208005743
      ],
      [
       51.36102387753619,
       35.78421494555535
      ],
      [
       51.35913831724686,
       35.78386366562491
      ],
      [
       51.35676438544935,
       35.78376159041238
      ],
      [
       51.35428167175201,
       35.78396861333992
      ],
      [
       51.35166716882519,
       35.78433761816991
      ],
      [
       51.34930108479644,
       35.78473809652389
      ],
      [
       51.34787752466617,
       35.78464391071088
      ],
      [
       51.34629005548139,
       35.78426647081902
      ],
      [
       51.34523969411117,
       35.78366024718104
      ],
      [
       51.3445296089643,
       35.78315211719764
      ],
      [
       51.34375470401853,
       35.78220742055292
      ],
      [
       51.34325991343607,
       35.78053119450127
      ],
      [
       51.34252230032822,
       35.78059798312029
      ],
      [
       51.34228339805352,
       35.78051276547707
      ],
      [
       51.34152765055541,
       35.7810071026809
      ],
      [
       51.34140561311115,
       35.78153147570075
      ],
      [
       51.34169984512444,
       35.78241370301757
      ],
      [
       51.34175278977551,
       35.78268048315405
      ],
      [
       51.34153246174531,
       35.78273686350331
      ],
      [
       51.34109020939289,
       35.78230858993599
      ],
      [
       51.34035276077319,
       35.78185057890585
      ],
      [
       51.33848972117578,
       35.78183926744521
      ],
      [
       51.33807425033454,
       35.77963417549485
      ],
      [
       51.33697809721114,
       35.77906880138247
      ],
      [
       51.33588497150405,
       35.77845349236192
      ],
      [
       51.33665173909982,
       35.7733433119317
      ],
      [
       51.33692383472687,
       35.77157957642896
      ],
      [
       51.33718024435066,
       35.77070285582057
      ]
     ]
    ]
   }
  },
  {
   "type": "Feature",
   "properties": {
    "key": "g4ee44f6",
    "title": "آلستوم",
    "subtitle": "ستارخان، سازمان آب، آریافر، پردیس، جلال آل احمد",
    "search_keywords": "ستارخان، سازمان آب، آریافر، پردیس، جلال آل احمد، یادگار امام، حاجی پور امیر، موسسه آموزش عالی آزاد هادی، بوستان شاهین، بوستان مهدیه، آلستوم",
    "district": "منطقه 2",
    "source": "curated-polygon",
    "area_sqkm": 1.037
   },
   "geometry": {
    "type": "Polygon",
    "coordinates": [
     [
      [
       51.34951748810848,
       35.72142060189367
      ],
      [
       51.35088681342135,
       35.72136248028463
      ],
      [
       51.354781003526,
       35.72063460393799
      ],
      [
       51.35926956762248,
       35.72007838053859
      ],
      [
       51.36325096635982,
       35.72383195092385
      ],
      [
       51.36730884444457,
       35.72761417399121
      ],
      [
       51.36859290630704,
       35.72893193790433
      ],
      [
       51.36750589084593,
       35.72915963309772
      ],
      [
       51.36598710594977,
       35.72906292313654
      ],
      [
       51.36422957143844,
       35.72884668720893
      ],
      [
       51.36238111503946,
       35.72821320181217
      ],
      [
       51.36071069433978,
       35.72808569442347
      ],
      [
       51.35542341282204,
       35.72803851226603
      ],
      [
       51.35464760472593,
       35.72782004284018
      ],
      [
       51.35278459169579,
       35.7268946180223
      ],
      [
       51.35162992957771,
       35.72643579180955
      ],
      [
       51.34968715067086,
       35.72632735112492
      ],
      [
       51.34951748810848,
       35.72142060189367
      ]
     ]
    ]
   }
  },
  {
   "type": "Feature",
   "properties": {
    "key": "138",
    "title": "پردیسان",
    "subtitle": "مرزداران شرقی، اطاعتی، سپهر، گلبرگ، ایثار، جانبازان، جلال آل آحمد، شیخ فضل‌الله، حکیم، یادگار امام",
    "search_keywords": "مرزداران شرقی، اطاعتی، سپهر، گلبرگ، ایثار، جانبازان، جلال آل آحمد، شیخ فضل‌الله، حکیم، یادگار امام پردیسان، آیت الله حکیم، همت، کنارگذر بزرگراه یادگار امام، سردار سرتیپ شهید حاج سعید قهاری، یادگار امام، شیخ فضل الله نوری، بوستان پردیسان، بوستان نهج البلاغه، پردیسان",
    "district": "منطقه 2",
    "source": "curated-polygon",
    "area_sqkm": 2.9
   },
   "geometry": {
    "type": "Polygon",
    "coordinates": [
     [
      [
       51.34212096263803,
       35.74057879097963
      ],
      [
       51.34579287117015,
       35.74083594373605
      ],
      [
       51.34769194991423,
       35.74087391431523
      ],
      [
       51.3511240089586,
       35.74045350732801
      ],
      [
       51.35600351673524,
       35.73960250246783
      ],
      [
       51.35903882340371,
       35.73914380850179
      ],
      [
       51.3613211047781,
       35.73888402623894
      ],
      [
       51.36340238025586,
       35.73896736410148
      ],
      [
       51.36670114832183,
       35.73935094015395
      ],
      [
       51.36943531742731,
       35.74003378966714
      ],
      [
       51.36986594768216,
       35.74021416781562
      ],
      [
       51.36950058178752,
       35.74336459207456
      ],
      [
       51.36974223170029,
       35.74499325010003
      ],
      [
       51.37104772907503,
       35.74721290001757
      ],
      [
       51.37165781903881,
       35.74912113688712
      ],
      [
       51.36991405050077,
       35.74910219826609
      ],
      [
       51.36635479985247,
       35.74917393521162
      ],
      [
       51.36091804144134,
       35.74949885336829
      ],
      [
       51.35784516609726,
       35.74991498741901
      ],
      [
       51.35357288219625,
       35.75049020385413
      ],
      [
       51.34918352182548,
       35.75088408375746
      ],
      [
       51.34205789887395,
       35.75102962589488
      ],
      [
       51.34187386882869,
       35.74908987619277
      ],
      [
       51.34206464364288,
       35.74733768457425
      ],
      [
       51.34236877715278,
       35.74615519506048
      ],
      [
       51.34173881002226,
       35.74400718410562
      ],
      [
       51.34212096263803,
       35.74057879097963
      ]
     ]
    ]
   }
  },
  {
   "type": "Feature",
   "properties": {
    "key": "gd62703b",
    "title": "پرواز شرقی",
    "subtitle": "شهرک پاسارگاد، مجتمع مسکونی کوی فرهنگ، نیما یوشیج، پاسارگاد پنجم، پرسپولیس",
    "search_keywords": "شهرک پاسارگاد، مجتمع مسکونی کوی فرهنگ، نیما یوشیج، پاسارگاد پنجم، پرسپولیس، پارسه، پرواز، پیام رستگاری، بوستان پرواز، بوستان کیهان، بوستان سمیه گلپاد، پرواز شرقی",
    "district": "منطقه 2",
    "source": "curated-polygon",
    "area_sqkm": 1.181
   },
   "geometry": {
    "type": "Polygon",
    "coordinates": [
     [
      [
       51.34935754764347,
       35.78489264793715
      ],
      [
       51.35118650834968,
       35.78462633823797
      ],
      [
       51.35306485689799,
       35.78436839916
      ],
      [
       51.35478245591111,
       35.78413199271235
      ],
      [
       51.35622737705431,
       35.78408282154108
      ],
      [
       51.35970065225909,
       35.7842575941768
      ],
      [
       51.35966623228666,
       35.78797228301221
      ],
      [
       51.35600298218087,
       35.78764557976442
      ],
      [
       51.35550039253359,
       35.78884675438535
      ],
      [
       51.35157281139912,
       35.78824590407439
      ],
      [
       51.35109206476973,
       35.78830579790565
      ],
      [
       51.35109361579354,
       35.7892262353927
      ],
      [
       51.35158848565023,
       35.78964713335226
      ],
      [
       51.35337057146113,
       35.79228882040111
      ],
      [
       51.35425720674565,
       35.79474295232939
      ],
      [
       51.35361890613076,
       35.79685070489403
      ],
      [
       51.35318008121674,
       35.80058731869079
      ],
      [
       51.35098454198052,
       35.79871664943988
      ],
      [
       51.34842216402777,
       35.79665541787286
      ],
      [
       51.34595365633689,
       35.79513996463562
      ],
      [
       51.34546468728166,
       35.7942478342839
      ],
      [
       51.34482908320855,
       35.79350821904757
      ],
      [
       51.34431188672752,
       35.79222709381826
      ],
      [
       51.34420801381948,
       35.79199714670116
      ],
      [
       51.34428061091793,
       35.79111683017764
      ],
      [
       51.34431164084827,
       35.79008748171798
      ],
      [
       51.34422010283609,
       35.78980766070949
      ],
      [
       51.34460615059103,
       35.78955941481859
      ],
      [
       51.34545620178565,
       35.78935112420891
      ],
      [
       51.34593738859936,
       35.7890529911246
      ],
      [
       51.34656068964306,
       35.78860732529736
      ],
      [
       51.3471331421446,
       35.78809840471953
      ],
      [
       51.34748623724192,
       35.78759935661515
      ],
      [
       51.34869488388441,
       35.78670736418184
      ],
      [
       51.34873138943711,
       35.78611833605277
      ],
      [
       51.34869845431691,
       35.78587448108726
      ],
      [
       51.3490735626482,
       35.78584311012858
      ],
      [
       51.3490279804835,
       35.78555782836993
      ],
      [
       51.34931846367084,
       35.78548665722595
      ],
      [
       51.34935754764347,
       35.78489264793715
      ]
     ]
    ]
   }
  },
  {
   "type": "Feature",
   "properties": {
    "key": "g5beb550",
    "title": "خرم رودی",
    "subtitle": "آیت الله حکیم، مرزداران، بیژن ابراهیمی، فرزانگان، آرش کمانگیر",
    "search_keywords": "آیت الله حکیم، مرزداران، بیژن ابراهیمی، فرزانگان، آرش کمانگیر، یادگار امام(ره)، بازار روز شهرداری تهران خرم رودی، بوستان فرزانگان، بوستان انارستان، خرم رودی",
    "district": "منطقه 2",
    "source": "curated-polygon",
    "area_sqkm": 0.819
   },
   "geometry": {
    "type": "Polygon",
    "coordinates": [
     [
      [
       51.33897917574198,
       35.72662421586271
      ],
      [
       51.33991937615263,
       35.72654482916405
      ],
      [
       51.3431711363856,
       35.72641543145605
      ],
      [
       51.34647406467502,
       35.72644602942952
      ],
      [
       51.349504442301,
       35.72648170855991
      ],
      [
       51.34948350518262,
       35.727609624656
      ],
      [
       51.34935237810375,
       35.72829561399762
      ],
      [
       51.34890947808716,
       35.72973395520243
      ],
      [
       51.34750229722844,
       35.73472241358056
      ],
      [
       51.34662285286351,
       35.73767382271085
      ],
      [
       51.34644239165495,
       35.73987390575505
      ],
      [
       51.34662560778516,
       35.74073817498435
      ],
      [
       51.3451543841508,
       35.74064943210751
      ],
      [
       51.34297332091193,
       35.74041810327994
      ],
      [
       51.34215871974911,
       35.74038603300319
      ],
      [
       51.34240118686061,
       35.73901012506141
      ],
      [
       51.34290606748723,
       35.73814438049856
      ],
      [
       51.34312932079665,
       35.73543351234612
      ],
      [
       51.34303662393059,
       35.73335258163701
      ],
      [
       51.34189842702795,
       35.73018587816456
      ],
      [
       51.33897917574198,
       35.72662421586271
      ]
     ]
    ]
   }
  },
  {
   "type": "Feature",
   "properties": {
    "key": "929",
    "title": "دریا",
    "subtitle": "سعادت‌آباد جنوبی، دریا، مدیریت، پاکنژاد، فرهنگ، دادمان، صرافها، هاشمی رفسنجانی",
    "search_keywords": "سعادت‌آباد جنوبی، دریا، مدیریت، پاکنژاد، فرهنگ، دادمان، صرافها، هاشمی رفسنجانی دریا، آیت الله هاشمی رفسنجانی، سرلشکر خلبان شهید اسدالله بربری، برادران صرافها، شفق، موج، بیست و یک متری گلها، دانشکده حقوق و علوم سیاسی دانشگاه آزاد واحد تهران جنوب، بوستان دلاوران، بوستان آبشار، دریا",
    "district": "منطقه 2",
    "source": "curated-polygon",
    "area_sqkm": 1.806
   },
   "geometry": {
    "type": "Polygon",
    "coordinates": [
     [
      [
       51.36685954300369,
       35.76721878200391
      ],
      [
       51.36748194840024,
       35.76704958439045
      ],
      [
       51.36996162524615,
       35.76702740360099
      ],
      [
       51.37824389068321,
       35.76709663510466
      ],
      [
       51.37862351288817,
       35.76737830855905
      ],
      [
       51.37861789879825,
       35.7708450898705
      ],
      [
       51.37653970821169,
       35.77679047853485
      ],
      [
       51.37478951507828,
       35.78152657866273
      ],
      [
       51.37442815473533,
       35.78172200527047
      ],
      [
       51.36811200148334,
       35.78028463181199
      ],
      [
       51.36505156919098,
       35.7795965116626
      ],
      [
       51.36252829406275,
       35.77867347538978
      ],
      [
       51.36347277748997,
       35.77480928941306
      ],
      [
       51.36459714058446,
       35.77077977479721
      ],
      [
       51.36480622001676,
       35.76998476062745
      ],
      [
       51.36634849571627,
       35.76737758284374
      ],
      [
       51.36685954300369,
       35.76721878200391
      ]
     ]
    ]
   }
  },
  {
   "type": "Feature",
   "properties": {
    "key": "g38ca628",
    "title": "شادمهر",
    "subtitle": "دریان نو، شادمان، زنجان شمالی، مسعود سروش، حمیدرضا سیادت",
    "search_keywords": "دریان نو، شادمان، زنجان شمالی، مسعود سروش، حمیدرضا سیادت، متولیان، کنارگذر آزادی، بوستان دوستان، بوستان بازیافت، بوستان انقلاب، شادمهر",
    "district": "منطقه 2",
    "source": "curated-polygon",
    "area_sqkm": 1.476
   },
   "geometry": {
    "type": "Polygon",
    "coordinates": [
     [
      [
       51.35997317533447,
       35.70036228768676
      ],
      [
       51.36542874780469,
       35.70049426125104
      ],
      [
       51.36561110148016,
       35.70094490650075
      ],
      [
       51.36757857689464,
       35.70567054165995
      ],
      [
       51.3703583317012,
       35.7121028519716
      ],
      [
       51.36821981916431,
       35.71420929028755
      ],
      [
       51.36446483063306,
       35.71806824494009
      ],
      [
       51.36414468912406,
       35.71786688566056
      ],
      [
       51.36146199310387,
       35.71596839905669
      ],
      [
       51.35887968693054,
       35.71403330448126
      ],
      [
       51.35830468632734,
       35.7127509569796
      ],
      [
       51.35826647275157,
       35.71179776803
      ],
      [
       51.35770590459506,
       35.70998151823045
      ],
      [
       51.35711029785794,
       35.70834878475058
      ],
      [
       51.35704020656183,
       35.70772077825738
      ],
      [
       51.35885588379422,
       35.70632965170834
      ],
      [
       51.35950414394291,
       35.70554797912622
      ],
      [
       51.35974862275048,
       35.7049499605582
      ],
      [
       51.35988318636286,
       35.70412465096928
      ],
      [
       51.35986728722067,
       35.70218908090375
      ],
      [
       51.35997317533447,
       35.70036228768676
      ]
     ]
    ]
   }
  },
  {
   "type": "Feature",
   "properties": {
    "key": "gad56872",
    "title": "صادقیه (منطقه 2)",
    "subtitle": "صادقیه، نهم شمالی، سعید گلاب، چوب تراش، صادق پور",
    "search_keywords": "صادقیه، نهم شمالی، سعید گلاب، چوب تراش، صادق پور، رحیمی، شهدای صادقیه، مجتمع تجاری پردیسان، مرکز خرید کیش، مجتمع تجاری نگین، صادقیه (منطقه 2)",
    "district": "منطقه 2",
    "source": "curated-polygon",
    "area_sqkm": 1.242
   },
   "geometry": {
    "type": "Polygon",
    "coordinates": [
     [
      [
       51.33626064115094,
       35.71794395773723
      ],
      [
       51.33775603235265,
       35.71771468159699
      ],
      [
       51.34250511382989,
       35.71742794705523
      ],
      [
       51.34551518077781,
       35.71728508845542
      ],
      [
       51.34740429869259,
       35.71738409105129
      ],
      [
       51.34812260365699,
       35.71761768708297
      ],
      [
       51.34906385122171,
       35.7185442066001
      ],
      [
       51.34927382486161,
       35.71900570680076
      ],
      [
       51.34939495585142,
       35.71999707828634
      ],
      [
       51.34924926622976,
       35.72069332425728
      ],
      [
       51.34935082724842,
       35.72130588829865
      ],
      [
       51.34948571899671,
       35.72462733171186
      ],
      [
       51.34953230105959,
       35.72633623983507
      ],
      [
       51.34443480989415,
       35.72626996086936
      ],
      [
       51.34094062412426,
       35.72638149437104
      ],
      [
       51.33917372055395,
       35.72649024163366
      ],
      [
       51.33513891027791,
       35.72655592367381
      ],
      [
       51.3348354190104,
       35.72631403531744
      ],
      [
       51.33510808795274,
       35.72433939165789
      ],
      [
       51.33545550657621,
       35.7210207630117
      ],
      [
       51.33563334913461,
       35.7197607611799
      ],
      [
       51.33578067587262,
       35.71826105311528
      ],
      [
       51.33626064115094,
       35.71794395773723
      ]
     ]
    ]
   }
  },
  {
   "type": "Feature",
   "properties": {
    "key": "g15a9c03",
    "title": "صادقیه (منطقه 18)",
    "subtitle": "صادقیه، شهرک صادقیه، آیت الله سعیدی، ابراهیم زقر، محمد فولادی",
    "search_keywords": "صادقیه، شهرک صادقیه، آیت الله سعیدی، ابراهیم زقر، محمد فولادی، طالقانی شمالی، کاظمی، نعمت آباد، بوستان مرداد، صادقیه (منطقه 18)",
    "district": "منطقه 18",
    "source": "curated-polygon",
    "area_sqkm": 0.338
   },
   "geometry": {
    "type": "Polygon",
    "coordinates": [
     [
      [
       51.35237013711858,
       35.64055839144022
      ],
      [
       51.34788610721058,
       35.6377409009666
      ],
      [
       51.34457254676777,
       35.63580307477889
      ],
      [
       51.34689564072018,
       35.6334617680012
      ],
      [
       51.35357108576089,
       35.63677431251946
      ],
      [
       51.35491252844043,
       35.6377139732308
      ],
      [
       51.35411690360642,
       35.63887502547765
      ],
      [
       51.35326927002284,
       35.64102857004337
      ],
      [
       51.35237013711858,
       35.64055839144022
      ]
     ]
    ]
   }
  },
  {
   "type": "Feature",
   "properties": {
    "key": "gaa0d7a5",
    "title": "کوهسار (منطقه 2)",
    "subtitle": "کوهسار، یادگار امام، سردار شهید یوسف رضا ابولفتحی، دشت بهشت، اعرابی",
    "search_keywords": "کوهسار، یادگار امام، سردار شهید یوسف رضا ابولفتحی، دشت بهشت، اعرابی، احمدپور، اوین، یمارستان فوق تخصصی عدل، پژوهشگاه قوه قضاییه، کوهسار (منطقه 2)",
    "district": "منطقه 2",
    "source": "curated-polygon",
    "area_sqkm": 2.089
   },
   "geometry": {
    "type": "Polygon",
    "coordinates": [
     [
      [
       51.37520663233095,
       35.79050796359719
      ],
      [
       51.37556272722927,
       35.79045216060214
      ],
      [
       51.37624224796264,
       35.79076369088077
      ],
      [
       51.37694131844108,
       35.79095385086996
      ],
      [
       51.3785256577634,
       35.79116895599588
      ],
      [
       51.37996646715558,
       35.79130612155306
      ],
      [
       51.38307763119328,
       35.79210870149886
      ],
      [
       51.38489216435144,
       35.79269191747407
      ],
      [
       51.38774931436398,
       35.79297931790888
      ],
      [
       51.39039499190279,
       35.79233614238654
      ],
      [
       51.39050081257587,
       35.79306310919064
      ],
      [
       51.39087521536554,
       35.79341022251581
      ],
      [
       51.39105685186439,
       35.79440495537423
      ],
      [
       51.39159017968261,
       35.79531088081669
      ],
      [
       51.3901438330743,
       35.79535007336349
      ],
      [
       51.38799561359955,
       35.79782957021479
      ],
      [
       51.38743228655168,
       35.79798457772725
      ],
      [
       51.38596715062016,
       35.80116870171846
      ],
      [
       51.38422380734749,
       35.80123339249467
      ],
      [
       51.3829076706436,
       35.80161451233287
      ],
      [
       51.38028421714137,
       35.80468941443706
      ],
      [
       51.37913135028002,
       35.80406105891332
      ],
      [
       51.37713989103117,
       35.80277646193652
      ],
      [
       51.37417138537755,
       35.8019293214368
      ],
      [
       51.37055236764999,
       35.80321032424968
      ],
      [
       51.36683440220087,
       35.8053192259431
      ],
      [
       51.36746237914873,
       35.80352693180954
      ],
      [
       51.36806970365621,
       35.8017086480052
      ],
      [
       51.36818228806186,
       35.8011129448748
      ],
      [
       51.36730577396162,
       35.79744404378997
      ],
      [
       51.36741900668203,
       35.79680695234278
      ],
      [
       51.36918240212899,
       35.79548938324324
      ],
      [
       51.3709536922965,
       35.7948931728652
      ],
      [
       51.3726773488217,
       35.79423524242308
      ],
      [
       51.37364248239976,
       35.79354257955165
      ],
      [
       51.37448156336768,
       35.79261858166529
      ],
      [
       51.37520663233095,
       35.79050796359719
      ]
     ]
    ]
   }
  },
  {
   "type": "Feature",
   "properties": {
    "key": "gf9eae97",
    "title": "کوهسار (منطقه 4)",
    "subtitle": "کوهسار، سپه شهر، استخر، بابایی، سیدعلی روته",
    "search_keywords": "کوهسار، سپه شهر، استخر، بابایی، سیدعلی روته، صدوقی، چمن آرا، دانشگاه، عبدالرضا، مجتمع تجاری بهاران اکباتان، پردیس شهید رضایی نژاد دانشگاه صنعتی خواجه نصیرالدین طوسی، دانشگاه آزاد اسلامی واحد تهران شمال، کوهسار (منطقه 4)",
    "district": "منطقه 4",
    "source": "curated-polygon",
    "area_sqkm": 4.685
   },
   "geometry": {
    "type": "Polygon",
    "coordinates": [
     [
      [
       51.55760324328255,
       35.76970067441586
      ],
      [
       51.5571932551954,
       35.76998662377358
      ],
      [
       51.54665683340125,
       35.75019322686472
      ],
      [
       51.56278539228657,
       35.7478573969383
      ],
      [
       51.56387760423021,
       35.7476454937913
      ],
      [
       51.56632668115504,
       35.74713639058025
      ],
      [
       51.56729172216696,
       35.74687648529049
      ],
      [
       51.56802652095217,
       35.7466270452599
      ],
      [
       51.56870005877611,
       35.74642774243498
      ],
      [
       51.56976520733969,
       35.74588887889155
      ],
      [
       51.57043139596873,
       35.74554700025065
      ],
      [
       51.57104008906517,
       35.74488429795855
      ],
      [
       51.57174808851777,
       35.74395597735314
      ],
      [
       51.57225914040942,
       35.74343153644426
      ],
      [
       51.57312024038365,
       35.74214480989205
      ],
      [
       51.57332250510264,
       35.74166099948995
      ],
      [
       51.57352146824909,
       35.74113835276536
      ],
      [
       51.57414654916686,
       35.74117309042158
      ],
      [
       51.57468385744384,
       35.74168732605178
      ],
      [
       51.5753405771987,
       35.74238681073418
      ],
      [
       51.57568862257085,
       35.7431358077629
      ],
      [
       51.57594431577774,
       35.74404595106704
      ],
      [
       51.57624394435681,
       35.74472542836609
      ],
      [
       51.5790399097231,
       35.75206735785967
      ],
      [
       51.57845370186087,
       35.75271853514889
      ],
      [
       51.57751193349997,
       35.75372577987724
      ],
      [
       51.57672771903461,
       35.75473800650087
      ],
      [
       51.57635190603392,
       35.75568221584725
      ],
      [
       51.57560163772053,
       35.75669350937064
      ],
      [
       51.57483980183985,
       35.75789317999073
      ],
      [
       51.57361843920922,
       35.75894385548662
      ],
      [
       51.57281281056002,
       35.7598218479984
      ],
      [
       51.57122817833621,
       35.76096990081094
      ],
      [
       51.56980027771085,
       35.76213278154921
      ],
      [
       51.56841161130523,
       35.76314681915164
      ],
      [
       51.56687381893668,
       35.76397286676323
      ],
      [
       51.56509191469728,
       35.76516160715295
      ],
      [
       51.56417957739122,
       35.76586849286277
      ],
      [
       51.56334115640496,
       35.76640757264454
      ],
      [
       51.56099562423633,
       35.767826594791
      ],
      [
       51.55959322304049,
       35.76867091154777
      ],
      [
       51.55760324328255,
       35.76970067441586
      ]
     ]
    ]
   }
  },
  {
   "type": "Feature",
   "properties": {
    "key": "gc1d46f2",
    "title": "مدیریت",
    "subtitle": "ولایت، حسن طهرانی مقدم، سرلشکر خلبان شهید رستم ابراهیم زاده، فرهنگ، سعادت آباد",
    "search_keywords": "ولایت، حسن طهرانی مقدم، سرلشکر خلبان شهید رستم ابراهیم زاده، فرهنگ، سعادت آباد، بیست ودوم شمالی، سالن شهید مطهری، دانشکده معارف اسلامی و مدیریت، سالن شماره ۱ کلاس ها، مدیریت",
    "district": "منطقه 2",
    "source": "curated-polygon",
    "area_sqkm": 1.653
   },
   "geometry": {
    "type": "Polygon",
    "coordinates": [
     [
      [
       51.37871260793869,
       35.76707758283819
      ],
      [
       51.37933640471481,
       35.76694860601725
      ],
      [
       51.37972826286181,
       35.76687580517998
      ],
      [
       51.38047036215029,
       35.76655400341973
      ],
      [
       51.38124975342386,
       35.76592860858613
      ],
      [
       51.38420824781321,
       35.76320892189616
      ],
      [
       51.38438408274592,
       35.76366869212805
      ],
      [
       51.38429387342264,
       35.76441603462546
      ],
      [
       51.38417224086525,
       35.76771409071881
      ],
      [
       51.38455968091781,
       35.76938771330656
      ],
      [
       51.38450080877307,
       35.77087292327403
      ],
      [
       51.38596702132857,
       35.77095388332076
      ],
      [
       51.38607796962278,
       35.77227356594916
      ],
      [
       51.38546466389989,
       35.77198471622513
      ],
      [
       51.38457117169484,
       35.7725193887367
      ],
      [
       51.3844956347139,
       35.77305990336237
      ],
      [
       51.38469556206768,
       35.77357783795173
      ],
      [
       51.38519825973607,
       35.77400644633123
      ],
      [
       51.38600729291835,
       35.77445575705212
      ],
      [
       51.38637084161813,
       35.77490639005853
      ],
      [
       51.38798491134019,
       35.77794505450743
      ],
      [
       51.38885598406226,
       35.77822387541573
      ],
      [
       51.39022385834891,
       35.77856069908118
      ],
      [
       51.39043024403771,
       35.77925170392614
      ],
      [
       51.38970095159489,
       35.78039116149375
      ],
      [
       51.38917374269354,
       35.78237104812763
      ],
      [
       51.38872743320179,
       35.78432084578742
      ],
      [
       51.38649876622461,
       35.78312032256846
      ],
      [
       51.38492887947994,
       35.78324053967405
      ],
      [
       51.38435709529793,
       35.7834295719102
      ],
      [
       51.38404035794558,
       35.78398438868405
      ],
      [
       51.37935160880766,
       35.78288124416013
      ],
      [
       51.37529141457792,
       35.78192942791194
      ],
      [
       51.3750539484072,
       35.78158602817645
      ],
      [
       51.37527719202166,
       35.78085613170175
      ],
      [
       51.37661848420525,
       35.77695416585443
      ],
      [
       51.37751180347716,
       35.77438870082035
      ],
      [
       51.37842561961813,
       35.77165345466986
      ],
      [
       51.37877194455131,
       35.77097176081814
      ],
      [
       51.37884809672683,
       35.76957697142615
      ],
      [
       51.37886072449632,
       35.76830174856617
      ],
      [
       51.37871260793869,
       35.76707758283819
      ]
     ]
    ]
   }
  },
  {
   "type": "Feature",
   "properties": {
    "key": "g43db7f8",
    "title": "همایون شهر",
    "subtitle": "حبیب الله، مسعود سروش، همایون شهر جنوبی، یادگار امام، شیخ فضل الله نوری",
    "search_keywords": "حبیب الله، مسعود سروش، همایون شهر جنوبی، یادگار امام، شیخ فضل الله نوری، محمدعلی حبیب الله، ستارخان، بوستان جوانه، بوستان چمن، بوستان ارکیده، همایون شهر",
    "district": "منطقه 2",
    "source": "curated-polygon",
    "area_sqkm": 0.92
   },
   "geometry": {
    "type": "Polygon",
    "coordinates": [
     [
      [
       51.35659245913362,
       35.70822563393332
      ],
      [
       51.35700320185316,
       35.70833063998656
      ],
      [
       51.3571696678568,
       35.70871387993548
      ],
      [
       51.35819835469651,
       35.71165640836706
      ],
      [
       51.35815496233658,
       35.71246558852729
      ],
      [
       51.35832887970415,
       35.71311316115148
      ],
      [
       51.35880631199908,
       35.71410066937685
      ],
      [
       51.36117025200983,
       35.71585389797511
      ],
      [
       51.36290909996727,
       35.7170697009115
      ],
      [
       51.36411230259725,
       35.71798158351483
      ],
      [
       51.3643013977246,
       35.71825399237677
      ],
      [
       51.3629968916238,
       35.71947270251566
      ],
      [
       51.35936682756638,
       35.71990321347646
      ],
      [
       51.35479198627329,
       35.72053515344933
      ],
      [
       51.3508617775272,
       35.72121073885221
      ],
      [
       51.3495010614704,
       35.7213025257122
      ],
      [
       51.34951238304134,
       35.72066100383881
      ],
      [
       51.34964931121791,
       35.72001029266744
      ],
      [
       51.35008990281094,
       35.71929741374981
      ],
      [
       51.35078637591668,
       35.71862625767481
      ],
      [
       51.35161533976653,
       35.7179419038473
      ],
      [
       51.35221546348803,
       35.71678523318488
      ],
      [
       51.35258039227836,
       35.71442368968904
      ],
      [
       51.35277114350422,
       35.71300829658258
      ],
      [
       51.35297544163615,
       35.71205211596365
      ],
      [
       51.35326571330125,
       35.71102360215102
      ],
      [
       51.35410096563034,
       35.71006433756553
      ],
      [
       51.35524251867176,
       35.70914706391537
      ],
      [
       51.35616875153011,
       35.70843090813801
      ],
      [
       51.35659245913362,
       35.70822563393332
      ]
     ]
    ]
   }
  },
  {
   "type": "Feature",
   "properties": {
    "key": "g4485845",
    "title": "کاووسیه",
    "subtitle": "ونک، چهارراه جهان کودک، وحید دستگردی، ملاصدرا، عباسپور",
    "search_keywords": "ونک، چهارراه جهان کودک، وحید دستگردی، ملاصدرا، عباسپور، همت، کردستان، دانشکده بهزیستی و علوم اجتماعی سلامت آزاد اسلامی، دانشگاه علوم پزشکی ایران، پژوهشکده سرطان معتمد، کاووسیه",
    "district": "منطقه 3",
    "source": "curated-polygon",
    "area_sqkm": 3.734
   },
   "geometry": {
    "type": "Polygon",
    "coordinates": [
     [
      [
       51.40423752694073,
       35.75137271474429
      ],
      [
       51.40970644732808,
       35.75162220673727
      ],
      [
       51.4146360175763,
       35.75208193239766
      ],
      [
       51.41836749360724,
       35.75151933058629
      ],
      [
       51.42125984417325,
       35.74994399212641
      ],
      [
       51.42092228823621,
       35.75206745439078
      ],
      [
       51.42055214696188,
       35.75465214861093
      ],
      [
       51.42027155101233,
       35.75691193712568
      ],
      [
       51.42023273350009,
       35.75862844307871
      ],
      [
       51.42095344173188,
       35.76148564602214
      ],
      [
       51.42158683803756,
       35.76384224562796
      ],
      [
       51.42195111941405,
       35.76556938446599
      ],
      [
       51.42290538651672,
       35.76715627358373
      ],
      [
       51.42431324452592,
       35.76992956120816
      ],
      [
       51.41211823152499,
       35.77158251192406
      ],
      [
       51.40953437010674,
       35.77298654749843
      ],
      [
       51.40823357503189,
       35.77453064229599
      ],
      [
       51.40722655258039,
       35.77547584653875
      ],
      [
       51.40584133929619,
       35.77372417836198
      ],
      [
       51.40407551217478,
       35.77183791347186
      ],
      [
       51.40314232743758,
       35.76879780840478
      ],
      [
       51.40251840359403,
       35.76589065502109
      ],
      [
       51.40423752694073,
       35.75137271474429
      ]
     ]
    ]
   }
  },
  {
   "type": "Feature",
   "properties": {
    "key": "gaf1c71c",
    "title": "داوودیه",
    "subtitle": "نیلوفر، میرداماد، حقانی، محمدرضا کوشا، مهدی وزیری پور",
    "search_keywords": "نیلوفر، میرداماد، حقانی، محمدرضا کوشا، مهدی وزیری پور، وحید دستگردی، شاه نظری، سنجابی، دکتر شریعتی، داروخانه دکتر گلابچی، بوستان اقاقیا، گل سرخ، داوودیه",
    "district": "منطقه 3",
    "source": "curated-polygon",
    "area_sqkm": 2.714
   },
   "geometry": {
    "type": "Polygon",
    "coordinates": [
     [
      [
       51.43898340612418,
       35.75049234473075
      ],
      [
       51.44024990584141,
       35.75073332063165
      ],
      [
       51.443723213679,
       35.75088640104413
      ],
      [
       51.4456832442411,
       35.75096286291772
      ],
      [
       51.44880880774567,
       35.75218762912308
      ],
      [
       51.4484745463643,
       35.75419328374967
      ],
      [
       51.44794799791234,
       35.75624839543539
      ],
      [
       51.44597179913009,
       35.75984099972326
      ],
      [
       51.44256746489757,
       35.76602162113365
      ],
      [
       51.44016195938423,
       35.76498409226112
      ],
      [
       51.42310595301212,
       35.76736828533682
      ],
      [
       51.42202011736402,
       35.76554857535756
      ],
      [
       51.42103789125284,
       35.76168116085378
      ],
      [
       51.42034720615692,
       35.75824844201505
      ],
      [
       51.42152489862766,
       35.75827673434862
      ],
      [
       51.42304513985656,
       35.75869859545615
      ],
      [
       51.42742147066271,
       35.75880583218855
      ],
      [
       51.43505216484739,
       35.75666842572959
      ],
      [
       51.43654998279986,
       35.75535818316804
      ],
      [
       51.43729439578392,
       35.75296616231049
      ],
      [
       51.43898340612418,
       35.75049234473075
      ]
     ]
    ]
   }
  },
  {
   "type": "Feature",
   "properties": {
    "key": "g98ef353",
    "title": "مهران (منطقه 4)",
    "subtitle": "مهران، شهدا مجیدیه، همت، ابوذر غفاری، عراقی",
    "search_keywords": "مهران، شهدا مجیدیه، همت، ابوذر غفاری، عراقی، سلیمانی، خواجه عبدالله انصاری، سروستان نهم، بوستان شریعتی، بوستان پایدارفرد، بوستان رسالت، مهران (منطقه 4)",
    "district": "منطقه 4",
    "source": "curated-polygon",
    "area_sqkm": 2.127
   },
   "geometry": {
    "type": "Polygon",
    "coordinates": [
     [
      [
       51.44897058695896,
       35.75218054362795
      ],
      [
       51.44933442939164,
       35.74733791645445
      ],
      [
       51.44729625469355,
       35.74214443035662
      ],
      [
       51.46047099585038,
       35.74085590057957
      ],
      [
       51.46215990752531,
       35.74326662644795
      ],
      [
       51.46449267907398,
       35.74756500092364
      ],
      [
       51.46553806123406,
       35.75662367879964
      ],
      [
       51.45934739068253,
       35.75627974559578
      ],
      [
       51.45604305685281,
       35.75579375581443
      ],
      [
       51.44897058695896,
       35.75218054362795
      ]
     ]
    ]
   }
  },
  {
   "type": "Feature",
   "properties": {
    "key": "gcebfade",
    "title": "مهران (منطقه 5)",
    "subtitle": "مهران، مهران - پیامبر، ستاری، آیت الله حکیم، علیرضا الهی",
    "search_keywords": "مهران، مهران - پیامبر، ستاری، آیت الله حکیم، علیرضا الهی، دانش، زینالی، آیت الله کاشانی، ساختمان دیپلمات، بوستان نیلوفر، بوستان تربیت، مهران (منطقه 5)",
    "district": "منطقه 5",
    "source": "curated-polygon",
    "area_sqkm": 1.352
   },
   "geometry": {
    "type": "Polygon",
    "coordinates": [
     [
      [
       51.32707263659958,
       35.73880193670088
      ],
      [
       51.32293378678811,
       35.73790475360356
      ],
      [
       51.31594926598169,
       35.7362765443911
      ],
      [
       51.3132003155222,
       35.73533680650402
      ],
      [
       51.30995087658371,
       35.73338225672398
      ],
      [
       51.31118240287422,
       35.73176431473991
      ],
      [
       51.31279690095973,
       35.73068517190862
      ],
      [
       51.31649350578704,
       35.72898286404757
      ],
      [
       51.31796586213945,
       35.72841200317539
      ],
      [
       51.32572181148451,
       35.72543667836764
      ],
      [
       51.32583619696165,
       35.72829647743343
      ],
      [
       51.32649623302545,
       35.72945968047777
      ],
      [
       51.32693424354758,
       35.73613418303649
      ],
      [
       51.32707263659958,
       35.73880193670088
      ]
     ]
    ]
   }
  },
  {
   "type": "Feature",
   "properties": {
    "key": "g51aca33",
    "title": "پاسداران- ضرابخانه",
    "subtitle": "ضرابخانه، پاسداران، برادران پایدارفرد، گلستان ۱۰، همت",
    "search_keywords": "ضرابخانه، پاسداران، برادران پایدارفرد، گلستان ۱۰، همت، اخوان، صیاد شیرازی، شهدای حسین آباد، هروی، نوبنیاد، بیمارستان فوق تخصصی گلستان نداجا، بوستان سبز، بوستان پامچال، پاسداران- ضرابخانه",
    "district": "منطقه 4",
    "source": "curated-polygon",
    "area_sqkm": 3.909
   },
   "geometry": {
    "type": "Polygon",
    "coordinates": [
     [
      [
       51.4523090158173,
       35.75393140118798
      ],
      [
       51.45575213702307,
       35.75572951448794
      ],
      [
       51.45911522445724,
       35.75633829339039
      ],
      [
       51.4654726859862,
       35.75665568271806
      ],
      [
       51.46566917430036,
       35.75834224216481
      ],
      [
       51.46584605595117,
       35.76066853642634
      ],
      [
       51.46672379156484,
       35.7639426516855
      ],
      [
       51.46896751725152,
       35.76814523943879
      ],
      [
       51.4718592239475,
       35.77046672544861
      ],
      [
       51.47400978417524,
       35.77269552025184
      ],
      [
       51.476328422096,
       35.77470240756596
      ],
      [
       51.47753505301036,
       35.7781490400341
      ],
      [
       51.47829534134907,
       35.77933779803284
      ],
      [
       51.48060781361603,
       35.781457601988
      ],
      [
       51.4821530503219,
       35.78411707391125
      ],
      [
       51.48481558968452,
       35.78836609743472
      ],
      [
       51.47954442365222,
       35.79040570362002
      ],
      [
       51.4768854387429,
       35.79035342391376
      ],
      [
       51.47308125730148,
       35.78667317843947
      ],
      [
       51.47070331007793,
       35.7861787168393
      ],
      [
       51.46862732298833,
       35.78140596394961
      ],
      [
       51.46825330949241,
       35.78110171922614
      ],
      [
       51.46654830910056,
       35.77772345201824
      ],
      [
       51.4560189450515,
       35.76546803005689
      ],
      [
       51.45537944175842,
       35.76312859195443
      ],
      [
       51.45398752884199,
       35.76035860293503
      ],
      [
       51.4523090158173,
       35.75393140118798
      ]
     ]
    ]
   }
  },
  {
   "type": "Feature",
   "properties": {
    "key": "g77ef9a8",
    "title": "کاظم آباد",
    "subtitle": "کاظم آباد - بنی هاشم، برادران محمودی، بنی هاشم، زین الدین، همت",
    "search_keywords": "کاظم آباد - بنی هاشم، برادران محمودی، بنی هاشم، زین الدین، همت، خواجه عبدالله انصاری، امیرنیا، فروشگاه مرکزی داتیس، بوستان شهید دکتر رهنمون، بوستان امیدوار، کاظم آباد",
    "district": "منطقه 4",
    "source": "curated-polygon",
    "area_sqkm": 1.336
   },
   "geometry": {
    "type": "Polygon",
    "coordinates": [
     [
      [
       51.46580095903393,
       35.75677189054022
      ],
      [
       51.46463321139162,
       35.74750547734404
      ],
      [
       51.46218582585109,
       35.74312583664791
      ],
      [
       51.46060430064346,
       35.7409006014377
      ],
      [
       51.46347720406597,
       35.74059994598603
      ],
      [
       51.46666045977533,
       35.74047463019479
      ],
      [
       51.46910100082862,
       35.7438930515353
      ],
      [
       51.47056552265642,
       35.74800256396085
      ],
      [
       51.47213098381928,
       35.74937286771829
      ],
      [
       51.47896317405019,
       35.7579871218269
      ],
      [
       51.47797313712664,
       35.7587224831902
      ],
      [
       51.47456572590117,
       35.75743938559115
      ],
      [
       51.47165874821117,
       35.75668457624133
      ],
      [
       51.46580095903393,
       35.75677189054022
      ]
     ]
    ]
   }
  },
  {
   "type": "Feature",
   "properties": {
    "key": "g6033fde",
    "title": "کالاد",
    "subtitle": "نیروی دریایی، فرجام غربی، طاهرخانی، نیلفروشان، سلمان طرقی",
    "search_keywords": "نیروی دریایی، فرجام غربی، طاهرخانی، نیلفروشان، سلمان طرقی، سلیمانی، آزادگان، پایانه رسالت، بوستان فردوس، بوستان ولیعصر، بوستان علمیه، کالاد",
    "district": "منطقه 4",
    "source": "curated-polygon",
    "area_sqkm": 0.569
   },
   "geometry": {
    "type": "Polygon",
    "coordinates": [
     [
      [
       51.48414127173924,
       35.74126563549977
      ],
      [
       51.48392646160068,
       35.73934786474856
      ],
      [
       51.48325391805539,
       35.73731020336542
      ],
      [
       51.48825057838298,
       35.73658906528309
      ],
      [
       51.49313640062495,
       35.74117841678721
      ],
      [
       51.49408662650924,
       35.74204841635334
      ],
      [
       51.49397976943979,
       35.74221413856731
      ],
      [
       51.49345891344422,
       35.74243633948215
      ],
      [
       51.49244715046658,
       35.74291705389527
      ],
      [
       51.49139124246597,
       35.74324877492873
      ],
      [
       51.49092792108946,
       35.7437629020844
      ],
      [
       51.49004998205976,
       35.74431186223839
      ],
      [
       51.48753467465826,
       35.74437663401704
      ],
      [
       51.48497918244296,
       35.74432976194299
      ],
      [
       51.48400912320567,
       35.74434992037359
      ],
      [
       51.48414127173924,
       35.74126563549977
      ]
     ]
    ]
   }
  },
  {
   "type": "Feature",
   "properties": {
    "key": "gab183f2",
    "title": "اوقاف",
    "subtitle": "غلامعلی رشید، تکاوران، آزادگان، جهانشاهلو، رئیسعلی دلواری",
    "search_keywords": "غلامعلی رشید، تکاوران، آزادگان، جهانشاهلو، رئیسعلی دلواری، الغدیر، حمل و نقل - باربری دانش، بوستان نوفل لوشاتو، پارک والائیان، بازار میوه و تره بار آزادگان، اوقاف",
    "district": "منطقه 4",
    "source": "curated-polygon",
    "area_sqkm": 1.211
   },
   "geometry": {
    "type": "Polygon",
    "coordinates": [
     [
      [
       51.5006139614172,
       35.74688320205744
      ],
      [
       51.51708178279782,
       35.74524927186102
      ],
      [
       51.52031911749338,
       35.75338861061604
      ],
      [
       51.51698076806257,
       35.75439571140627
      ],
      [
       51.51626104514866,
       35.75472597523285
      ],
      [
       51.51486285602476,
       35.75530470758691
      ],
      [
       51.51421839540133,
       35.75565610217829
      ],
      [
       51.51349963684871,
       35.75590761897001
      ],
      [
       51.51264380637187,
       35.7559875379476
      ],
      [
       51.51032736597479,
       35.75413159057945
      ],
      [
       51.50882329255308,
       35.75298516245925
      ],
      [
       51.50733863408393,
       35.75212866278712
      ],
      [
       51.50539857260164,
       35.75043864051636
      ],
      [
       51.50440299395787,
       35.74968429520593
      ],
      [
       51.5036896320795,
       35.74914558123968
      ],
      [
       51.5025930575918,
       35.74851458912785
      ],
      [
       51.50156954394193,
       35.74773951434091
      ],
      [
       51.50108404444159,
       35.7474622366583
      ],
      [
       51.50072820941209,
       35.74708296356654
      ],
      [
       51.5006139614172,
       35.74688320205744
      ]
     ]
    ]
   }
  },
  {
   "type": "Feature",
   "properties": {
    "key": "281",
    "title": "شیخ هادی",
    "subtitle": "شیخ هادی، جمهوری، جامی، پاستور، اردیبهشت، ولیعصر، حافظ، کارگر جنوبی",
    "search_keywords": "شیخ هادی، جمهوری، جامی، پاستور، اردیبهشت، ولیعصر، حافظ، کارگر جنوبی شیخ هادی، سرهنگ سخایی، باستیون غربی، ولی عصر، حسن آباد، پاساژ توکل، علمی کاربردی فرهنگ هنر واحد پنج، فروشگاه حامی تل، شیخ هادی",
    "district": "منطقه 11",
    "source": "curated-polygon",
    "area_sqkm": 0.683
   },
   "geometry": {
    "type": "Polygon",
    "coordinates": [
     [
      [
       51.40412082484652,
       35.69550674380979
      ],
      [
       51.4026512582012,
       35.68698510433442
      ],
      [
       51.40957830485944,
       35.68624510059549
      ],
      [
       51.40962907089088,
       35.68598302275471
      ],
      [
       51.40996088610292,
       35.6857403189027
      ],
      [
       51.41036790165772,
       35.68577849835359
      ],
      [
       51.41061249369713,
       35.68607618646555
      ],
      [
       51.41046756291208,
       35.68632910722401
      ],
      [
       51.41021553173243,
       35.68652238162711
      ],
      [
       51.41185678797778,
       35.69510730117323
      ],
      [
       51.40412082484652,
       35.69550674380979
      ]
     ]
    ]
   }
  },
  {
   "type": "Feature",
   "properties": {
    "key": "g6b31b45",
    "title": "حسینی",
    "subtitle": "کوروش نظافتی، حبیب عبدالله بیگلو، قائم، ابراهیم رشوانلو، برادران اسماعیلی",
    "search_keywords": "کوروش نظافتی، حبیب عبدالله بیگلو، قائم، ابراهیم رشوانلو، برادران اسماعیلی، افتخاری، بوستان فردوس، بوستان شمس تبریزی، بوستان یاس، حسینی",
    "district": "منطقه 18",
    "source": "curated-polygon",
    "area_sqkm": 1.726
   },
   "geometry": {
    "type": "Polygon",
    "coordinates": [
     [
      [
       51.33564005841455,
       35.66740855262257
      ],
      [
       51.33285719311375,
       35.66785469669932
      ],
      [
       51.33079928225642,
       35.66820862436741
      ],
      [
       51.32850646376324,
       35.66858121887383
      ],
      [
       51.32575604860535,
       35.669059087339
      ],
      [
       51.32300733571867,
       35.66957638508155
      ],
      [
       51.32111060373973,
       35.66981170151421
      ],
      [
       51.31992510049057,
       35.66670455225872
      ],
      [
       51.31921341235889,
       35.66382808464034
      ],
      [
       51.31853036080923,
       35.6613307783566
      ],
      [
       51.31888843263145,
       35.65726550505113
      ],
      [
       51.31966891805164,
       35.65511929453717
      ],
      [
       51.32604077618283,
       35.65760260790801
      ],
      [
       51.32932276761123,
       35.6587900725574
      ],
      [
       51.33213600075022,
       35.66002637960582
      ],
      [
       51.33453697932465,
       35.66055159888693
      ],
      [
       51.33619931647608,
       35.66727909659061
      ],
      [
       51.33564005841455,
       35.66740855262257
      ]
     ]
    ]
   }
  },
  {
   "type": "Feature",
   "properties": {
    "key": "gf9b00f0",
    "title": "گلشن",
    "subtitle": "گرمابدری، واثقی، کرمی (زمرد)، شریعتی، الله اکبر",
    "search_keywords": "گرمابدری، واثقی، کرمی (زمرد)، شریعتی، الله اکبر، زین الدین، بوستان گلشن، پارک رعنا، بوستان ابوذر، گلشن",
    "district": "منطقه 4",
    "source": "curated-polygon",
    "area_sqkm": 1.609
   },
   "geometry": {
    "type": "Polygon",
    "coordinates": [
     [
      [
       51.55653501090234,
       35.7485910555312
      ],
      [
       51.55625134545765,
       35.74707010076218
      ],
      [
       51.55505396305482,
       35.74040043172777
      ],
      [
       51.56045207769763,
       35.73412245975241
      ],
      [
       51.57011017478032,
       35.74016475169329
      ],
      [
       51.57316446943223,
       35.74135804394438
      ],
      [
       51.57289362281188,
       35.7421830645569
      ],
      [
       51.57227760523189,
       35.74315857442046
      ],
      [
       51.57103636257931,
       35.74459865867952
      ],
      [
       51.57050303362723,
       35.74529452241368
      ],
      [
       51.56972307497035,
       35.74579749340602
      ],
      [
       51.56842604628096,
       35.74638104217493
      ],
      [
       51.56731837686881,
       35.7467930024829
      ],
      [
       51.56439040658404,
       35.74748610451343
      ],
      [
       51.55653501090234,
       35.7485910555312
      ]
     ]
    ]
   }
  },
  {
   "type": "Feature",
   "properties": {
    "key": "170",
    "title": "فردوس",
    "subtitle": "فردوس شرق، عقیل، رامین، وفا آذر، دوم صادقیه، کاشانی، ستاری، جناح، صادقیه",
    "search_keywords": "فردوس شرق، عقیل، رامین، وفا آذر، دوم صادقیه، کاشانی، ستاری، جناح، صادقیه فردوس، علی اکبر سلیمی جهرمی، آفتاب، برادران نحوی، آیت الله کاشانی، پایانه اتوبوس صادقیه، صادقیه، بوستان باصفا ۲، بوستان باصفا ۱، بوستان اقاقیا، فردوس",
    "district": "منطقه 5",
    "source": "curated-polygon",
    "area_sqkm": 3.112
   },
   "geometry": {
    "type": "Polygon",
    "coordinates": [
     [
      [
       51.33503645157482,
       35.7219326710531
      ],
      [
       51.33304157260126,
       35.72241710359901
      ],
      [
       51.32940037869339,
       35.72385627845377
      ],
      [
       51.32536121472508,
       35.72553867675259
      ],
      [
       51.31717784467944,
       35.72860272184933
      ],
      [
       51.31312150198061,
       35.73045173265592
      ],
      [
       51.31113205389976,
       35.73165727172531
      ],
      [
       51.31079915552155,
       35.73075377894575
      ],
      [
       51.30966192921754,
       35.72568377293971
      ],
      [
       51.30732343360814,
       35.71777344171682
      ],
      [
       51.30733234334561,
       35.71708665973321
      ],
      [
       51.31036083515654,
       35.71711851094204
      ],
      [
       51.31359989409613,
       35.71681896835129
      ],
      [
       51.31519644694248,
       35.71656706198735
      ],
      [
       51.31691769438498,
       35.71619566796537
      ],
      [
       51.31954989154515,
       35.71561506131992
      ],
      [
       51.32739046248223,
       35.71401596056174
      ],
      [
       51.33604900872102,
       35.71235008730018
      ],
      [
       51.33543492704226,
       35.72047717276093
      ],
      [
       51.33519029487589,
       35.72158419339004
      ],
      [
       51.33503645157482,
       35.7219326710531
      ]
     ]
    ]
   }
  },
  {
   "type": "Feature",
   "properties": {
    "key": "g295f29d",
    "title": "ابوذر (منطقه 5)",
    "subtitle": "ابوذر، اباذر، آیت الله حکیم، حاجی زاده، حمیدرضا شالی",
    "search_keywords": "ابوذر، اباذر، آیت الله حکیم، حاجی زاده، حمیدرضا شالی، داوود اسکندرزاده، پیامبر شرقی، اشرفی اصفهانی، بوستان ارغوان، بوستان میعاد، بیمارستان پیامبران، ابوذر (منطقه 5)",
    "district": "منطقه 5",
    "source": "curated-polygon",
    "area_sqkm": 1.209
   },
   "geometry": {
    "type": "Polygon",
    "coordinates": [
     [
      [
       51.33287111844991,
       35.74016560081582
      ],
      [
       51.32713767247031,
       35.73887566807855
      ],
      [
       51.32653960951007,
       35.72949487953278
      ],
      [
       51.32589915552703,
       35.72828023464574
      ],
      [
       51.32573581038217,
       35.72543339578986
      ],
      [
       51.33103506317266,
       35.7232856136887
      ],
      [
       51.33310921251865,
       35.72246895226985
      ],
      [
       51.3353207993091,
       35.72189831723811
      ],
      [
       51.334516895014,
       35.72771660261188
      ],
      [
       51.33287111844991,
       35.74016560081582
      ]
     ]
    ]
   }
  },
  {
   "type": "Feature",
   "properties": {
    "key": "g7cadec7",
    "title": "ابوذر (منطقه 15)",
    "subtitle": "ابوذر، ابوذر - آهنگ، شاهد، نبرد جنوبی، خاوران",
    "search_keywords": "ابوذر، ابوذر - آهنگ، شاهد، نبرد جنوبی، خاوران، بقایی، ششم ابوذر، پایانه اتوبوس خاوران، ترمینال ورامین افسریه اسلامشهر، بازار روز، بوستان گلگشت، بوستان گلچین، ابوذر (منطقه 15)",
    "district": "منطقه 15",
    "source": "curated-polygon",
    "area_sqkm": 2.887
   },
   "geometry": {
    "type": "Polygon",
    "coordinates": [
     [
      [
       51.46193804505076,
       35.6587238021887
      ],
      [
       51.47344584212048,
       35.64580722377365
      ],
      [
       51.4777545706047,
       35.64114613513196
      ],
      [
       51.48042332492702,
       35.63829482748766
      ],
      [
       51.48103320870645,
       35.63758733671315
      ],
      [
       51.48145111371212,
       35.63819197916533
      ],
      [
       51.48266983513058,
       35.63814052873903
      ],
      [
       51.48385992700149,
       35.63820559860783
      ],
      [
       51.48422009117138,
       35.64019668797937
      ],
      [
       51.48576940148998,
       35.64848859708724
      ],
      [
       51.48637689644666,
       35.65113891914539
      ],
      [
       51.48835752516849,
       35.65617640507077
      ],
      [
       51.46867539988877,
       35.65890502744985
      ],
      [
       51.46602152564179,
       35.65972151135917
      ],
      [
       51.46484181037009,
       35.65960206399635
      ],
      [
       51.46255836486951,
       35.65879028505663
      ],
      [
       51.46193804505076,
       35.6587238021887
      ]
     ]
    ]
   }
  },
  {
   "type": "Feature",
   "properties": {
    "key": "g930807b",
    "title": "پونک جنوبی",
    "subtitle": "غلامرضا مخبری، عدل جنوبی، غفاری، میرزابابایی، ایران زمین شمالی",
    "search_keywords": "غلامرضا مخبری، عدل جنوبی، غفاری، میرزابابایی، ایران زمین شمالی، خوش طینت، مجتمع مسکونی سایپا، سبزی فروشی، مرکز خرید جام جم همت، پونک جنوبی",
    "district": "منطقه 5",
    "source": "curated-polygon",
    "area_sqkm": 3.119
   },
   "geometry": {
    "type": "MultiPolygon",
    "coordinates": [
     [
      [
       [
        51.33513066807793,
        35.75984580179807
       ],
       [
        51.33183641321304,
        35.75119437791598
       ],
       [
        51.32044875178682,
        35.75269441899802
       ],
       [
        51.31777205059417,
        35.75299049585268
       ],
       [
        51.31734865165074,
        35.75256720258734
       ],
       [
        51.31655905805794,
        35.75263930896752
       ],
       [
        51.31584808463964,
        35.75288521659071
       ],
       [
        51.31929085801539,
        35.76382492431771
       ],
       [
        51.33513066807793,
        35.75984580179807
       ]
      ]
     ],
     [
      [
       [
        51.33223023528126,
        35.7693866290872
       ],
       [
        51.33711773352138,
        35.77048733028263
       ],
       [
        51.33753506242162,
        35.76842173374143
       ],
       [
        51.33730807206383,
        35.76599240399882
       ],
       [
        51.33713202394283,
        35.76527725655368
       ],
       [
        51.33514573412494,
        35.75989326159642
       ],
       [
        51.32995714803592,
        35.7611822859405
       ],
       [
        51.32347605102552,
        35.76279761138473
       ],
       [
        51.31930510067483,
        35.7638715578053
       ],
       [
        51.31872973609639,
        35.76729003297889
       ],
       [
        51.31836732017067,
        35.77045216948753
       ],
       [
        51.3212052012394,
        35.77048378100798
       ],
       [
        51.3301959555644,
        35.76937833817001
       ],
       [
        51.33223023528126,
        35.7693866290872
       ]
      ]
     ]
    ]
   }
  },
  {
   "type": "Feature",
   "properties": {
    "key": "143",
    "title": "المهدی",
    "subtitle": "سردار جنگل شمالی، سیمون بولیوار، فکوری، زیتون، صبا، اشرفی اصفهانی",
    "search_keywords": "سردار جنگل شمالی، سیمون بولیوار، فکوری، زیتون، صبا، اشرفی اصفهانی المهدی، شهرک نیروی هوایی، المهدی - سیمون بولیوار، آیت الله اشرفی اصفهانی، محمدخانی، قدس، فرهنگیان، ارتوپدی فنی باریش، بوستان اخلاص، اقتصادی، المهدی",
    "district": "منطقه 5",
    "source": "curated-polygon",
    "area_sqkm": 1.392
   },
   "geometry": {
    "type": "Polygon",
    "coordinates": [
     [
      [
       51.32459006016249,
       35.77864885765438
      ],
      [
       51.3222387290942,
       35.77833710961298
      ],
      [
       51.32121741467139,
       35.77808803794099
      ],
      [
       51.32081294321738,
       35.77777359632308
      ],
      [
       51.32015418983721,
       35.7773793396239
      ],
      [
       51.32017373215158,
       35.77572590212473
      ],
      [
       51.32063471852392,
       35.77431307805437
      ],
      [
       51.32055315172358,
       35.77310557491166
      ],
      [
       51.31949864393336,
       35.77214001059021
      ],
      [
       51.31883957981611,
       35.77159641864018
      ],
      [
       51.318268298579,
       35.77051540278922
      ],
      [
       51.32113832240405,
       35.77053819906788
      ],
      [
       51.33032610643582,
       35.76941919730253
      ],
      [
       51.33220958368566,
       35.76944256485002
      ],
      [
       51.33698980577407,
       35.77051919686476
      ],
      [
       51.33630704670894,
       35.77481221027235
      ],
      [
       51.33583609662021,
       35.77830129442334
      ],
      [
       51.33285253693734,
       35.77821096399839
      ],
      [
       51.32904136031164,
       35.77847373827667
      ],
      [
       51.32459006016249,
       35.77864885765438
      ]
     ]
    ]
   }
  },
  {
   "type": "Feature",
   "properties": {
    "key": "159",
    "title": "شهرک پرواز",
    "subtitle": "فردوس غرب، پروانه، ورزی، شقایق",
    "search_keywords": "فردوس غرب، پروانه، ورزی، شقایق شهرک پرواز، سی و دوم، ناصر حجازی، ستوده شرقی، پروانه شمالی، ورزی شمالی، شقایق جنوبی، ارم سبز، علامه جعفری، بوستان گلدشت، بوستان پرواز، بوستان فردوس، شهرک پرواز",
    "district": "منطقه 5",
    "source": "curated-polygon",
    "area_sqkm": 0.925
   },
   "geometry": {
    "type": "Polygon",
    "coordinates": [
     [
      [
       51.30815384138353,
       35.7328894935831
      ],
      [
       51.30665087756365,
       35.73240111562284
      ],
      [
       51.30522202495948,
       35.73218224104524
      ],
      [
       51.30188583627437,
       35.71825835556576
      ],
      [
       51.30050818198958,
       35.71765707813408
      ],
      [
       51.30046712644637,
       35.71680581733533
      ],
      [
       51.3071402348313,
       35.71712782790506
      ],
      [
       51.30768471187625,
       35.71926830290472
      ],
      [
       51.30950297725737,
       35.72545020795477
      ],
      [
       51.3099357310704,
       35.72722881271574
      ],
      [
       51.3106954804579,
       35.73075312365157
      ],
      [
       51.31113133648757,
       35.73175747489228
      ],
      [
       51.30980546605152,
       35.73342613344991
      ],
      [
       51.30815384138353,
       35.7328894935831
      ]
     ]
    ]
   }
  },
  {
   "type": "Feature",
   "properties": {
    "key": "g9d04603",
    "title": "سازمان جنوبی",
    "subtitle": "سازمان برنامه جنوبی، منبع آب، ناصر حجازی، سازمان برنامه مرکزی، علامه جعفری",
    "search_keywords": "سازمان برنامه جنوبی، منبع آب، ناصر حجازی، سازمان برنامه مرکزی، علامه جعفری، شقایق مرکزی، پایانه ارم سبز، مرکز آموزش عالی علمی کاربردی ساپکو، بوستان پرنیان، بوستان ارکیده، سازمان جنوبی",
    "district": "منطقه 5",
    "source": "curated-polygon",
    "area_sqkm": 1.038
   },
   "geometry": {
    "type": "Polygon",
    "coordinates": [
     [
      [
       51.30505761796891,
       35.73203599837035
      ],
      [
       51.30069337007598,
       35.73214741240236
      ],
      [
       51.29501732579563,
       35.73335469369378
      ],
      [
       51.29485268074038,
       35.73000869109802
      ],
      [
       51.29544299544137,
       35.72764145397191
      ],
      [
       51.29645705905958,
       35.7255564107704
      ],
      [
       51.29747579917859,
       35.7232173035594
      ],
      [
       51.29830766297249,
       35.7172576222006
      ],
      [
       51.29877899616707,
       35.71670154947406
      ],
      [
       51.30039449105587,
       35.71679237965007
      ],
      [
       51.30043166730167,
       35.71771815627415
      ],
      [
       51.30179895745047,
       35.71830135860441
      ],
      [
       51.30505761796891,
       35.73203599837035
      ]
     ]
    ]
   }
  },
  {
   "type": "Feature",
   "properties": {
    "key": "g57c8cd1",
    "title": "شاهین شمالی",
    "subtitle": "غلامرضا مخبری، نورالله کمانی، ۲۰ متری گلستان شرقی، چمران، شادمهر",
    "search_keywords": "غلامرضا مخبری، نورالله کمانی، ۲۰ متری گلستان شرقی، چمران، شادمهر، کوهسار، بوستان گلبن، پارک معلم قرآن، بوستان ایثار، شاهین شمالی",
    "district": "منطقه 5",
    "source": "curated-polygon",
    "area_sqkm": 1.13
   },
   "geometry": {
    "type": "Polygon",
    "coordinates": [
     [
      [
       51.31867193899543,
       35.76733002513474
      ],
      [
       51.31830371462404,
       35.77027477355728
      ],
      [
       51.31676776444455,
       35.77010908899779
      ],
      [
       51.31423101768255,
       35.76920999395321
      ],
      [
       51.31119521401282,
       35.76766905940966
      ],
      [
       51.31109476017922,
       35.76141829852362
      ],
      [
       51.3110752131231,
       35.75792253010194
      ],
      [
       51.31080276253731,
       35.7530268250334
      ],
      [
       51.31582773471745,
       35.75293357425498
      ],
      [
       51.31926446856418,
       35.7639353638
      ],
      [
       51.31911306871106,
       35.76510714526411
      ],
      [
       51.31867193899543,
       35.76733002513474
      ]
     ]
    ]
   }
  },
  {
   "type": "Feature",
   "properties": {
    "key": "g1802abd",
    "title": "اندیشه",
    "subtitle": "اندیشه - جوانمردان، آشوری، جوانمردان، همت، احمد کاشانی",
    "search_keywords": "اندیشه - جوانمردان، آشوری، جوانمردان، همت، احمد کاشانی، شربیانی، شهرک شهدا، بازارچه شهرزیبا، بوستان جوانمردان ایران، بوستان ترنم، اندیشه",
    "district": "منطقه 5",
    "source": "curated-polygon",
    "area_sqkm": 2.652
   },
   "geometry": {
    "type": "Polygon",
    "coordinates": [
     [
      [
       51.28335192786306,
       35.73746608224162
      ],
      [
       51.28412664567171,
       35.73935715277252
      ],
      [
       51.28512968096452,
       35.74241962794142
      ],
      [
       51.285751812301,
       35.74445250679726
      ],
      [
       51.28654835926826,
       35.7470933280933
      ],
      [
       51.28587290075105,
       35.74752217449634
      ],
      [
       51.28657168958463,
       35.74915619832829
      ],
      [
       51.2881595568054,
       35.74972715994667
      ],
      [
       51.28873901637884,
       35.74997571511061
      ],
      [
       51.28902591072392,
       35.75027809118056
      ],
      [
       51.28907219285067,
       35.75063628294434
      ],
      [
       51.28903766939098,
       35.75105018186611
      ],
      [
       51.28929699889603,
       35.75336755129865
      ],
      [
       51.27542187626892,
       35.75391102514453
      ],
      [
       51.27248148374052,
       35.7542694550582
      ],
      [
       51.26888819221683,
       35.75584071971295
      ],
      [
       51.26924645352055,
       35.75400769568292
      ],
      [
       51.26928008619478,
       35.75295487289535
      ],
      [
       51.26832999032394,
       35.75017862356077
      ],
      [
       51.26745461037661,
       35.74801382224608
      ],
      [
       51.2672578741763,
       35.74683462235532
      ],
      [
       51.26732703194495,
       35.74541618088151
      ],
      [
       51.26769666490042,
       35.74384923095456
      ],
      [
       51.26819894423632,
       35.74262401081207
      ],
      [
       51.26925459997676,
       35.73987280049803
      ],
      [
       51.27231086430824,
       35.74037337807788
      ],
      [
       51.27584027741671,
       35.7404658777277
      ],
      [
       51.27838886851255,
       35.73995211802183
      ],
      [
       51.28108092775124,
       35.73885505426299
      ],
      [
       51.28335192786306,
       35.73746608224162
      ]
     ]
    ]
   }
  },
  {
   "type": "Feature",
   "properties": {
    "key": "140",
    "title": "شهرک کوهسار",
    "subtitle": "اقبال‌پور، الوند، سیمون بولیوار، معین",
    "search_keywords": "اقبال‌پور، الوند، سیمون بولیوار، معین شهرک کوهسار، معین، اقبال پور، بوستان اقبال پور، شهرک کوهسار",
    "district": "منطقه 5",
    "source": "curated-polygon",
    "area_sqkm": 0.279
   },
   "geometry": {
    "type": "Polygon",
    "coordinates": [
     [
      [
       51.33299302732709,
       35.78643316005596
      ],
      [
       51.33044657142271,
       35.78588562800221
      ],
      [
       51.33077097711707,
       35.78446219691045
      ],
      [
       51.33107498032254,
       35.78375161471337
      ],
      [
       51.33126076651499,
       35.78082798066576
      ],
      [
       51.33080096928796,
       35.77839908873226
      ],
      [
       51.33304965325619,
       35.7782465140868
      ],
      [
       51.33574148267626,
       35.77837867891604
      ],
      [
       51.33445777575517,
       35.78262365400676
      ],
      [
       51.33299302732709,
       35.78643316005596
      ]
     ]
    ]
   }
  },
  {
   "type": "Feature",
   "properties": {
    "key": "g0ffd6ee",
    "title": "آرزانتین-ساعی",
    "subtitle": "ساعی، آرزانتین، آرژانتین، عبدالمجید اکبری، آیت الله بهشتی",
    "search_keywords": "ساعی، آرزانتین، آرژانتین، عبدالمجید اکبری، آیت الله بهشتی، تونل رسالت، سلیمانی، بیهقی، دانشکده علوم ریاضی و رایانه دانشگاه علامه طباطبایی، بوستان ساعی، فروشگاه شهروند، آرزانتین-ساعی",
    "district": "منطقه 6",
    "source": "curated-polygon",
    "area_sqkm": 1.323
   },
   "geometry": {
    "type": "Polygon",
    "coordinates": [
     [
      [
       51.42154373514013,
       35.72929449256854
      ],
      [
       51.42131771075474,
       35.72954171769951
      ],
      [
       51.42096489152405,
       35.73000775339179
      ],
      [
       51.42063823454699,
       35.73049930724707
      ],
      [
       51.42043200357585,
       35.73107791753654
      ],
      [
       51.42026668151726,
       35.73159559421691
      ],
      [
       51.42036975178112,
       35.73221680865566
      ],
      [
       51.42054782907749,
       35.73294295201311
      ],
      [
       51.42093812945929,
       35.733709156346
      ],
      [
       51.42127533566091,
       35.7344728687896
      ],
      [
       51.42181351444658,
       35.73616206594159
      ],
      [
       51.42223338589442,
       35.73782795183782
      ],
      [
       51.42259143372562,
       35.73963538395347
      ],
      [
       51.42260172196522,
       35.74022591856517
      ],
      [
       51.41738999406321,
       35.74008329459461
      ],
      [
       51.4165239737154,
       35.7403476255142
      ],
      [
       51.41610341411614,
       35.74056626879766
      ],
      [
       51.41565635912854,
       35.74084212883926
      ],
      [
       51.41506601769423,
       35.74083807632987
      ],
      [
       51.4115581567659,
       35.74013690238798
      ],
      [
       51.41081519654795,
       35.74022512069653
      ],
      [
       51.41006439052778,
       35.74029545900296
      ],
      [
       51.40965955850825,
       35.7403277097217
      ],
      [
       51.40948299738638,
       35.7397107223338
      ],
      [
       51.40902070752239,
       35.73773668493838
      ],
      [
       51.40918767575638,
       35.73697135179316
      ],
      [
       51.40968674427517,
       35.73580965133517
      ],
      [
       51.40986619019034,
       35.73491144762789
      ],
      [
       51.41009572636812,
       35.73420602478616
      ],
      [
       51.41031868261022,
       35.73381169853817
      ],
      [
       51.4105419690373,
       35.73327249232892
      ],
      [
       51.41199785307261,
       35.73080603963997
      ],
      [
       51.41228531897575,
       35.73016161430404
      ],
      [
       51.41356056787173,
       35.7272600359472
      ],
      [
       51.42154373514013,
       35.72929449256854
      ]
     ]
    ]
   }
  },
  {
   "type": "Feature",
   "properties": {
    "key": "g7481b00",
    "title": "پارک لاله",
    "subtitle": "کشاورز - پارک لاله، کشاورز، حجاب، اسماعیل هنیه، جهاد",
    "search_keywords": "کشاورز - پارک لاله، کشاورز، حجاب، اسماعیل هنیه، جهاد، زرتشت غربی، علیرضا دائمی، دانشگاه علمی کاربردی، دانشگاه عدالت، مرکز خرید کیش، پارک لاله",
    "district": "منطقه 6",
    "source": "curated-polygon",
    "area_sqkm": 1.452
   },
   "geometry": {
    "type": "Polygon",
    "coordinates": [
     [
      [
       51.38940874219751,
       35.71411181942646
      ],
      [
       51.3902557924758,
       35.70797764313456
      ],
      [
       51.39148126732933,
       35.70766028933262
      ],
      [
       51.39223365105613,
       35.70762853684386
      ],
      [
       51.39316211579177,
       35.70775055283676
      ],
      [
       51.40695233768496,
       35.71163168109581
      ],
      [
       51.40857121798932,
       35.7209131831723
      ],
      [
       51.38963268611869,
       35.71424838483615
      ],
      [
       51.38940874219751,
       35.71411181942646
      ]
     ]
    ]
   }
  },
  {
   "type": "Feature",
   "properties": {
    "key": "gbe49c9c",
    "title": "دانشگاه تهران",
    "subtitle": "نصرت، وصال شیرازی، ۱۶ آذر، بزرگمهر، آیت الله طالقانی",
    "search_keywords": "نصرت، وصال شیرازی، ۱۶ آذر، بزرگمهر، آیت الله طالقانی، فلسطین، انقلاب اسلامی، حضرت ولی عصر(عج)، دانشکده هنر و معماری دانشگاه آزاد اسلامی، دانشگاه علوم پزشکی و خدمات بهداشتی درمانی تهران، مرکز علمی کاربردی جهاددانشگاهی تهران ۴، دانشگاه تهران",
    "district": "منطقه 6",
    "source": "curated-polygon",
    "area_sqkm": 1.254
   },
   "geometry": {
    "type": "Polygon",
    "coordinates": [
     [
      [
       51.40517442148225,
       35.70123098972703
      ],
      [
       51.40700661701182,
       35.71161586120361
      ],
      [
       51.39713073145339,
       35.70878824311357
      ],
      [
       51.39519735177403,
       35.70825133966809
      ],
      [
       51.39266451299444,
       35.70758950966049
      ],
      [
       51.39187963308488,
       35.70754801139302
      ],
      [
       51.39156861960461,
       35.70758535567899
      ],
      [
       51.39021417925425,
       35.70787152984972
      ],
      [
       51.39110075350239,
       35.70147269235283
      ],
      [
       51.39254570537278,
       35.70094592183816
      ],
      [
       51.40517442148225,
       35.70123098972703
      ]
     ]
    ]
   }
  },
  {
   "type": "Feature",
   "properties": {
    "key": "g753b872",
    "title": "قائم مقام-سنایی",
    "subtitle": "قائم مقام، سنائی، آیت الله مطهری، فجر، حسینی",
    "search_keywords": "قائم مقام، سنائی، آیت الله مطهری، فجر، حسینی، سنایی، قائم مقام فراهانی، خردمند شمالی، شهدای هفتم تیر، مطب دکتر سیامک فائز، بیمارستان تهران، گاه هفت تیر، قائم مقام-سنایی",
    "district": "منطقه 6",
    "source": "curated-polygon",
    "area_sqkm": 0.9
   },
   "geometry": {
    "type": "Polygon",
    "coordinates": [
     [
      [
       51.41642452261443,
       35.7238387308293
      ],
      [
       51.41577771052412,
       35.72139858371984
      ],
      [
       51.4156432847684,
       35.72026910959809
      ],
      [
       51.41592168828057,
       35.71882440197259
      ],
      [
       51.41604217107562,
       35.71791652512145
      ],
      [
       51.41616824597212,
       35.71710030991541
      ],
      [
       51.41620669243002,
       35.71684184515078
      ],
      [
       51.41647452667388,
       35.71613774774621
      ],
      [
       51.41684753522389,
       35.71578038724952
      ],
      [
       51.41710531484568,
       35.71546605329544
      ],
      [
       51.4172324508958,
       35.71526376888631
      ],
      [
       51.42052368262533,
       35.71531820769231
      ],
      [
       51.42156070680165,
       35.71533108758477
      ],
      [
       51.42367711428959,
       35.71534993276568
      ],
      [
       51.42439884658028,
       35.71536731168806
      ],
      [
       51.42482382762192,
       35.71536153132617
      ],
      [
       51.42520587744531,
       35.71537910273239
      ],
      [
       51.42604590901646,
       35.7154055526395
      ],
      [
       51.42640974983819,
       35.71657422444579
      ],
      [
       51.42716065667219,
       35.71811741158027
      ],
      [
       51.42732653776599,
       35.71844681566616
      ],
      [
       51.42764193743083,
       35.71891276923028
      ],
      [
       51.42712490376049,
       35.71989782373401
      ],
      [
       51.42643735412277,
       35.72124012909988
      ],
      [
       51.42527791693347,
       35.72238357602768
      ],
      [
       51.42517648530452,
       35.72275413968329
      ],
      [
       51.42483322915721,
       35.72418255494691
      ],
      [
       51.41642452261443,
       35.7238387308293
      ]
     ]
    ]
   }
  },
  {
   "type": "Feature",
   "properties": {
    "key": "ga97b61d",
    "title": "کشاورز غربی",
    "subtitle": "جمال زاده، دکتر محمد قریب، تونل توحید، فاطمی، بعثت",
    "search_keywords": "جمال زاده، دکتر محمد قریب، تونل توحید، فاطمی، بعثت، باقرخان شرقی، چمران، تیام شبکه، مجتمع بیمارستانی امام خمینی، بیمارستان مرکز طبی کودکان، کشاورز غربی",
    "district": "منطقه 6",
    "source": "curated-polygon",
    "area_sqkm": 0.727
   },
   "geometry": {
    "type": "Polygon",
    "coordinates": [
     [
      [
       51.37774234171239,
       35.70560514602694
      ],
      [
       51.38342477415088,
       35.70546363035985
      ],
      [
       51.38342236861126,
       35.70701388176056
      ],
      [
       51.39032687452458,
       35.70696225153486
      ],
      [
       51.38931686669368,
       35.71409314424668
      ],
      [
       51.38131456844112,
       35.71235781458275
      ],
      [
       51.38207037862965,
       35.71014216925433
      ],
      [
       51.37779574429409,
       35.71022198438659
      ],
      [
       51.37774234171239,
       35.70560514602694
      ]
     ]
    ]
   }
  },
  {
   "type": "Feature",
   "properties": {
    "key": "ga712d0d",
    "title": "عباس آباد- اندیشه",
    "subtitle": "عباس آباد، اندیشه، سهروردی شمالی، شریعتی، آیت الله بهشتی",
    "search_keywords": "عباس آباد، اندیشه، سهروردی شمالی، شریعتی، آیت الله بهشتی، آیت الله مدرس، معلم غربی، دکتر مفتح شمالی، قدوسی، پایانه شهید بهشتی، مفتح، مجتمع تجاری اداری برج زیبا، بیمارستان مادران، بوستان افرا، عباس آباد- اندیشه",
    "district": "منطقه 7",
    "source": "curated-polygon",
    "area_sqkm": 1.428
   },
   "geometry": {
    "type": "Polygon",
    "coordinates": [
     [
      [
       51.42209185380465,
       35.72867266496102
      ],
      [
       51.42318298595304,
       35.72771487302939
      ],
      [
       51.42442100456387,
       35.72603113119905
      ],
      [
       51.42492740132817,
       35.72421991192368
      ],
      [
       51.43728085040559,
       35.72454937138198
      ],
      [
       51.44347897748178,
       35.723459962166
      ],
      [
       51.44463023498052,
       35.72642236167617
      ],
      [
       51.44527056999273,
       35.72778643602282
      ],
      [
       51.4451894643237,
       35.73140056474471
      ],
      [
       51.43166058368912,
       35.73087903631301
      ],
      [
       51.42841282064919,
       35.73072870927503
      ],
      [
       51.42776145565083,
       35.73042511499244
      ],
      [
       51.42652120863433,
       35.73018588222562
      ],
      [
       51.42564645257246,
       35.73048009116101
      ],
      [
       51.42514627050138,
       35.73048091971378
      ],
      [
       51.42161933020962,
       35.72927634914154
      ],
      [
       51.42209185380465,
       35.72867266496102
      ]
     ]
    ]
   }
  },
  {
   "type": "Feature",
   "properties": {
    "key": "gcca9ff1",
    "title": "خواجه نظام غربی",
    "subtitle": "خواجه نظام الملک، شیخ صفی، پلیس، اجاره دار، خواجه نصیرالدین طوسی",
    "search_keywords": "خواجه نظام الملک، شیخ صفی، پلیس، اجاره دار، خواجه نصیرالدین طوسی، صیاد شیرازی، پارک آوا، بوستان استاد محمد نوری، خواجه نظام غربی",
    "district": "منطقه 7",
    "source": "curated-polygon",
    "area_sqkm": 0.385
   },
   "geometry": {
    "type": "Polygon",
    "coordinates": [
     [
      [
       51.4407624959787,
       35.70638975252687
      ],
      [
       51.4422440647352,
       35.70527150247668
      ],
      [
       51.44344060411492,
       35.70664651016472
      ],
      [
       51.44600865749413,
       35.71029886350104
      ],
      [
       51.45018457385233,
       35.71748904895777
      ],
      [
       51.45029022877928,
       35.71855325418472
      ],
      [
       51.45241792369979,
       35.72215279227526
      ],
      [
       51.45101420111988,
       35.72218934612618
      ],
      [
       51.44980985109497,
       35.72143705530012
      ],
      [
       51.44896541874998,
       35.72092078494826
      ],
      [
       51.44783125747964,
       35.71915363821226
      ],
      [
       51.44419095801299,
       35.71092090008997
      ],
      [
       51.4421372318282,
       35.70622973159625
      ],
      [
       51.4407624959787,
       35.70638975252687
      ]
     ]
    ]
   }
  },
  {
   "type": "Feature",
   "properties": {
    "key": "g8b07127",
    "title": "خواجه نظام شرقی",
    "subtitle": "موسی نامجو، اجاره دار، خواجه نصیرالدین طوسی، اصغر قجاوند، بوستان ذبیحی",
    "search_keywords": "موسی نامجو، اجاره دار، خواجه نصیرالدین طوسی، اصغر قجاوند، بوستان ذبیحی، بوستان استاد محمد نوری، بوستان ارتش، خواجه نظام شرقی",
    "district": "منطقه 7",
    "source": "curated-polygon",
    "area_sqkm": 0.431
   },
   "geometry": {
    "type": "Polygon",
    "coordinates": [
     [
      [
       51.44227528728802,
       35.70525872749567
      ],
      [
       51.44317396563968,
       35.70458272084363
      ],
      [
       51.45528879193423,
       35.71645030959294
      ],
      [
       51.45028576962857,
       35.71827524787614
      ],
      [
       51.45018771375301,
       35.7173769977234
      ],
      [
       51.44901120289362,
       35.71535184728033
      ],
      [
       51.4458120711548,
       35.70989878847578
      ],
      [
       51.44391486854255,
       35.70717534300404
      ],
      [
       51.44227528728802,
       35.70525872749567
      ]
     ]
    ]
   }
  },
  {
   "type": "Feature",
   "properties": {
    "key": "g8060150",
    "title": "شارق شرقی",
    "subtitle": "شاهد، انصارالحسین، محمدرضا محمودی، امام علی، دماوند",
    "search_keywords": "شاهد، انصارالحسین، محمدرضا محمودی، امام علی، دماوند، سبلان جنوبی، آیت الله مدنی، مجتمع تجاری لوکس، پارک شهدای جوان، بوستان دکتر بهنیا، شارق شرقی",
    "district": "منطقه 7",
    "source": "curated-polygon",
    "area_sqkm": 0.808
   },
   "geometry": {
    "type": "Polygon",
    "coordinates": [
     [
      [
       51.46253709249692,
       35.70614689789394
      ],
      [
       51.47216461255622,
       35.70899760536723
      ],
      [
       51.46637137935992,
       35.71518901588387
      ],
      [
       51.46589708748483,
       35.71563949960867
      ],
      [
       51.46420373971187,
       35.71834899765347
      ],
      [
       51.46389524595057,
       35.71820259624945
      ],
      [
       51.46053697971293,
       35.71867996297908
      ],
      [
       51.4596584635629,
       35.7147562263821
      ],
      [
       51.4609582209495,
       35.71445657070756
      ],
      [
       51.46253709249692,
       35.70614689789394
      ]
     ]
    ]
   }
  },
  {
   "type": "Feature",
   "properties": {
    "key": "g6cedb98",
    "title": "ارامنه شمالی",
    "subtitle": "ارامنه، محسن آزادی، پلیس، اجاره دار، سبلان شمالی",
    "search_keywords": "ارامنه، محسن آزادی، پلیس، اجاره دار، سبلان شمالی، محمد اسماعیلی، صیاد شیرازی، بوستان شهدا سبلان، بوستان هورفر، ارامنه شمالی",
    "district": "منطقه 7",
    "source": "curated-polygon",
    "area_sqkm": 0.404
   },
   "geometry": {
    "type": "Polygon",
    "coordinates": [
     [
      [
       51.45175511094547,
       35.72095542404045
      ],
      [
       51.46051691651465,
       35.71861859447972
      ],
      [
       51.46391714307904,
       35.71818580009795
      ],
      [
       51.46408693849686,
       35.71833251284505
      ],
      [
       51.4633397125074,
       35.71978590614645
      ],
      [
       51.46179785752916,
       35.72234194961916
      ],
      [
       51.45451883517811,
       35.7241180835515
      ],
      [
       51.45306144662919,
       35.72325824132104
      ],
      [
       51.45175511094547,
       35.72095542404045
      ]
     ]
    ]
   }
  },
  {
   "type": "Feature",
   "properties": {
    "key": "ge5ff7d8",
    "title": "قصر",
    "subtitle": "حشمتیه، پلیس، امجدی منش، معلم غربی، مرودشت",
    "search_keywords": "حشمتیه، پلیس، امجدی منش، معلم غربی، مرودشت، شهدای ناجا، آیت الله قدوسی، باغ موزه قصر، بوستان برزگر، دانشکده فنی نقشه برداری سازمان جغرافیایی، قصر",
    "district": "منطقه 7",
    "source": "curated-polygon",
    "area_sqkm": 0.509
   },
   "geometry": {
    "type": "Polygon",
    "coordinates": [
     [
      [
       51.4452404260563,
       35.73141208719212
      ],
      [
       51.44524434943752,
       35.72778418904287
      ],
      [
       51.44358099379224,
       35.72345958338853
      ],
      [
       51.44706103790955,
       35.72277473873409
      ],
      [
       51.44851031479611,
       35.72196207327405
      ],
      [
       51.44897546647671,
       35.7209431918735
      ],
      [
       51.45097154750626,
       35.72218583735246
      ],
      [
       51.45047623602611,
       35.72943625309381
      ],
      [
       51.45085388461676,
       35.73002615085686
      ],
      [
       51.4452404260563,
       35.73141208719212
      ]
     ]
    ]
   }
  },
  {
   "type": "Feature",
   "properties": {
    "key": "g521eaa5",
    "title": "تهرانپارس",
    "subtitle": "مجتمع مسکونی زردشتیان رستم باغ، یکم تهرانپارس، آیت الله خوشوقت، دوران، سلیمانی",
    "search_keywords": "مجتمع مسکونی زردشتیان رستم باغ، یکم تهرانپارس، آیت الله خوشوقت، دوران، سلیمانی، امیری طائمه، برادران شهید قانع، بوستان سنبل، بوستان بهار، پارک آلاله، تهرانپارس",
    "district": "منطقه 8",
    "source": "curated-polygon",
    "area_sqkm": 2.408
   },
   "geometry": {
    "type": "Polygon",
    "coordinates": [
     [
      [
       51.51676592819733,
       35.731230142687
      ],
      [
       51.51455476143224,
       35.7285109588565
      ],
      [
       51.51378252701851,
       35.72774085539617
      ],
      [
       51.51334539280612,
       35.72738810020039
      ],
      [
       51.51201130382623,
       35.72683901034385
      ],
      [
       51.50847878509482,
       35.72656466118423
      ],
      [
       51.50736677056758,
       35.72616175815743
      ],
      [
       51.50590418841529,
       35.72529517211358
      ],
      [
       51.50208049091566,
       35.72001257991967
      ],
      [
       51.50208706069768,
       35.71965012721192
      ],
      [
       51.50192263427272,
       35.7191297732083
      ],
      [
       51.50220113067131,
       35.71817114239969
      ],
      [
       51.51915256022963,
       35.72349481877709
      ],
      [
       51.52101350780421,
       35.72370388655547
      ],
      [
       51.52370744509253,
       35.72389319435523
      ],
      [
       51.53855241832747,
       35.72482766928719
      ],
      [
       51.53821014650958,
       35.72806947512984
      ],
      [
       51.53763281749851,
       35.72913255967653
      ],
      [
       51.53707540483494,
       35.72978624825474
      ],
      [
       51.53613768778319,
       35.73016152977596
      ],
      [
       51.51757762347955,
       35.73279346995974
      ],
      [
       51.51676592819733,
       35.731230142687
      ]
     ]
    ]
   }
  },
  {
   "type": "Feature",
   "properties": {
    "key": "g6b9623d",
    "title": "لشگر غربی",
    "subtitle": "لشکر غربی، جانبازان غربی، علی اصغر حیدری ریسه، برادران فتاحی، سبلان شمالی",
    "search_keywords": "لشکر غربی، جانبازان غربی، علی اصغر حیدری ریسه، برادران فتاحی، سبلان شمالی، حیدری، صیاد شیرازی، بوستان سمن، بوستان آتش نشان، لشگر غربی",
    "district": "منطقه 8",
    "source": "curated-polygon",
    "area_sqkm": 0.565
   },
   "geometry": {
    "type": "Polygon",
    "coordinates": [
     [
      [
       51.45961093681401,
       35.73130181088924
      ],
      [
       51.45914549406599,
       35.73070398173923
      ],
      [
       51.45868735197452,
       35.73044011209056
      ],
      [
       51.45865716321878,
       35.72894058257882
      ],
      [
       51.45843368135665,
       35.72790052944341
      ],
      [
       51.46077472267731,
       35.72414217731951
      ],
      [
       51.46311118400072,
       35.72028826910737
      ],
      [
       51.46410291306635,
       35.71847441048179
      ],
      [
       51.46911578098175,
       35.72229606899769
      ],
      [
       51.45961093681401,
       35.73130181088924
      ]
     ]
    ]
   }
  },
  {
   "type": "Feature",
   "properties": {
    "key": "g7a39816",
    "title": "تسحیلات",
    "subtitle": "تسلیحات، داوود گلشن دوست، ثانی، رضایی، علی اصغر حیدری ریسه",
    "search_keywords": "تسلیحات، داوود گلشن دوست، ثانی، رضایی، علی اصغر حیدری ریسه، آیت الله مدنی، بوستان تسلیحات، منصور عبادی، تسحیلات",
    "district": "منطقه 8",
    "source": "curated-polygon",
    "area_sqkm": 0.542
   },
   "geometry": {
    "type": "Polygon",
    "coordinates": [
     [
      [
       51.47898503441273,
       35.71798307885231
      ],
      [
       51.47165551834717,
       35.72424108097037
      ],
      [
       51.46704950201961,
       35.72066344828338
      ],
      [
       51.4744535883387,
       35.71458190555533
      ],
      [
       51.47898503441273,
       35.71798307885231
      ]
     ]
    ]
   }
  },
  {
   "type": "Feature",
   "properties": {
    "key": "g8dff58e",
    "title": "لشگر شرقی",
    "subtitle": "لشکر شرقی، جانبازان غربی، حیدری، امام رضا، داوود گلشن دوست",
    "search_keywords": "لشکر شرقی، جانبازان غربی، حیدری، امام رضا، داوود گلشن دوست، مجیدیه(استاد حسن بنا)، امام علی، بوستان لاله، بوستان سپیده، لشگر شرقی",
    "district": "منطقه 8",
    "source": "curated-polygon",
    "area_sqkm": 0.388
   },
   "geometry": {
    "type": "Polygon",
    "coordinates": [
     [
      [
       51.47159319002065,
       35.72429159556212
      ],
      [
       51.46130068036948,
       35.73340071721339
      ],
      [
       51.45964676255504,
       35.73134910393776
      ],
      [
       51.46912020875125,
       35.72232174821883
      ],
      [
       51.47159319002065,
       35.72429159556212
      ]
     ]
    ]
   }
  },
  {
   "type": "Feature",
   "properties": {
    "key": "g30ddf4b",
    "title": "شهید دست غیب",
    "subtitle": "دستغیب، مجتمع مسکونی فرهنگیان جنوبی، آیت الله سعیدی، آیت الله دستغیب، هاشمی",
    "search_keywords": "دستغیب، مجتمع مسکونی فرهنگیان جنوبی، آیت الله سعیدی، آیت الله دستغیب، هاشمی، یادگار امام، امام خمینی، استاد معین، بوستان معلم، بوستان مهرآرا، بوستان کوثر، شهید دست غیب",
    "district": "منطقه 9",
    "source": "curated-polygon",
    "area_sqkm": 0.593
   },
   "geometry": {
    "type": "Polygon",
    "coordinates": [
     [
      [
       51.34626615625926,
       35.6888705347296
      ],
      [
       51.34070251486886,
       35.68856027105002
      ],
      [
       51.34196444252416,
       35.6845132271128
      ],
      [
       51.34234805466848,
       35.68315250626209
      ],
      [
       51.34257137487018,
       35.68340377995089
      ],
      [
       51.34277105711865,
       35.68351816301852
      ],
      [
       51.34314034261725,
       35.68353680168841
      ],
      [
       51.34333332660479,
       35.68321605690429
      ],
      [
       51.34341697037753,
       35.68258044495281
      ],
      [
       51.34464643542339,
       35.68477329786317
      ],
      [
       51.34554602159244,
       35.68514734630588
      ],
      [
       51.34671881213011,
       35.68546040622427
      ],
      [
       51.34953361906948,
       35.68492017106986
      ],
      [
       51.35376621503773,
       35.68375154909931
      ],
      [
       51.35401151713521,
       35.68374355637245
      ],
      [
       51.35536854473781,
       35.68902739500499
      ],
      [
       51.34987134614039,
       35.68895051792444
      ],
      [
       51.34626615625926,
       35.6888705347296
      ]
     ]
    ]
   }
  },
  {
   "type": "Feature",
   "properties": {
    "key": "g4de21c0",
    "title": "عمار",
    "subtitle": "چهل و پنج متری زرند، ارداقی، متوسلیان، الغدیر، لاله",
    "search_keywords": "چهل و پنج متری زرند، ارداقی، متوسلیان، الغدیر، لاله، عمار",
    "district": "منطقه 9",
    "source": "curated-polygon",
    "area_sqkm": 0.621
   },
   "geometry": {
    "type": "Polygon",
    "coordinates": [
     [
      [
       51.3229160284968,
       35.67496218754968
      ],
      [
       51.31620649594847,
       35.67535190544753
      ],
      [
       51.31233779624674,
       35.67549148103115
      ],
      [
       51.30921066152491,
       35.67557712039515
      ],
      [
       51.30902322918122,
       35.67338373370397
      ],
      [
       51.30890297428235,
       35.67187463073049
      ],
      [
       51.31086623813134,
       35.67161227440083
      ],
      [
       51.32159026029382,
       35.66976911596541
      ],
      [
       51.32172640266916,
       35.67077516184583
      ],
      [
       51.32263417261028,
       35.67061611773329
      ],
      [
       51.3229160284968,
       35.67496218754968
      ]
     ]
    ]
   }
  },
  {
   "type": "Feature",
   "properties": {
    "key": "g753f39a",
    "title": "شبیری-جی",
    "subtitle": "جی، شبیری، برادران فلاح، ده متری امامزاده عبدالله، جواد سبحانی - امیری",
    "search_keywords": "جی، شبیری، برادران فلاح، ده متری امامزاده عبدالله، جواد سبحانی - امیری، امامزاده عبدالله، کمیل، سیدحسین سادات، خانه بابا، بوستان شبیری، شبیری-جی",
    "district": "منطقه 10",
    "source": "curated-polygon",
    "area_sqkm": 0.548
   },
   "geometry": {
    "type": "Polygon",
    "coordinates": [
     [
      [
       51.36108161722055,
       35.68041294327948
      ],
      [
       51.35451165987251,
       35.68002807198972
      ],
      [
       51.35467366625638,
       35.67857596525315
      ],
      [
       51.35489904043021,
       35.67679318923099
      ],
      [
       51.35478754877903,
       35.676067222383
      ],
      [
       51.35408679190492,
       35.67476654457692
      ],
      [
       51.35293028260196,
       35.6725952627064
      ],
      [
       51.35204782441108,
       35.67104308164044
      ],
      [
       51.35690210594492,
       35.66928606753867
      ],
      [
       51.35744511272632,
       35.67060237530544
      ],
      [
       51.35793863917279,
       35.67191399202341
      ],
      [
       51.35847436813404,
       35.67326523856614
      ],
      [
       51.3595324996541,
       35.67590499510124
      ],
      [
       51.36040539023436,
       35.67803241893467
      ],
      [
       51.36086896891778,
       35.67928445489302
      ],
      [
       51.36108161722055,
       35.68041294327948
      ]
     ]
    ]
   }
  },
  {
   "type": "Feature",
   "properties": {
    "key": "gc605c44",
    "title": "کارون جنوبی",
    "subtitle": "مالک اشتر، کمیل، امام خمینی، مرتضوی، قصرالدشت",
    "search_keywords": "مالک اشتر، کمیل، امام خمینی، مرتضوی، قصرالدشت، جیحون، کارون جنوبی",
    "district": "منطقه 10",
    "source": "curated-polygon",
    "area_sqkm": 0.571
   },
   "geometry": {
    "type": "Polygon",
    "coordinates": [
     [
      [
       51.36399196768048,
       35.68946659089817
      ],
      [
       51.36456137961414,
       35.68067444081528
      ],
      [
       51.37116321731357,
       35.681183503704
      ],
      [
       51.3701535022425,
       35.69003492571211
      ],
      [
       51.36399196768048,
       35.68946659089817
      ]
     ]
    ]
   }
  },
  {
   "type": "Feature",
   "properties": {
    "key": "gd4cb525",
    "title": "کارون شمالی",
    "subtitle": "حمید بهنود، دامپزشکی، آذربایجان غربی، کارون، طوس",
    "search_keywords": "حمید بهنود، دامپزشکی، آذربایجان غربی، کارون، طوس، بوستان سعدی، شادمان، بوستان آینه، بیمارستان شهریار، بیمارستان بابک، کارون شمالی",
    "district": "منطقه 10",
    "source": "curated-polygon",
    "area_sqkm": 0.607
   },
   "geometry": {
    "type": "Polygon",
    "coordinates": [
     [
      [
       51.3629989278184,
       35.70037872968992
      ],
      [
       51.36344834598118,
       35.69488867594372
      ],
      [
       51.36403980481289,
       35.68949288342894
      ],
      [
       51.37011681929441,
       35.69005331014895
      ],
      [
       51.36972072009926,
       35.69335553906304
      ],
      [
       51.36914714716151,
       35.69848606537008
      ],
      [
       51.36545745821336,
       35.6999574353415
      ],
      [
       51.36535681326858,
       35.70044009059929
      ],
      [
       51.3629989278184,
       35.70037872968992
      ]
     ]
    ]
   }
  },
  {
   "type": "Feature",
   "properties": {
    "key": "g3b35fba",
    "title": "جمالزاده-حشمت دوله",
    "subtitle": "حشمت دوله، جمالزاده، کارگر جنوبی، یدالله کلهر، استاد حسین بهزاد",
    "search_keywords": "حشمت دوله، جمالزاده، کارگر جنوبی، یدالله کلهر، استاد حسین بهزاد، دیلمان، محسن سلیمانیه، حمیدرضا چنگیزی، پایانه کاوه، جمالزاده-حشمت دوله",
    "district": "منطقه 11",
    "source": "curated-polygon",
    "area_sqkm": 0.461
   },
   "geometry": {
    "type": "Polygon",
    "coordinates": [
     [
      [
       51.384529151187,
       35.69807262720269
      ],
      [
       51.38478540086534,
       35.69803056077515
      ],
      [
       51.38515946352773,
       35.69794299114796
      ],
      [
       51.38549902883791,
       35.69778221658139
      ],
      [
       51.38573863318744,
       35.69749302675206
      ],
      [
       51.38588948126834,
       35.69699147476555
      ],
      [
       51.3859438905034,
       35.69640406668207
      ],
      [
       51.38616932725013,
       35.69373726072418
      ],
      [
       51.39213494387167,
       35.69332272217889
      ],
      [
       51.39182364022329,
       35.69620436565567
      ],
      [
       51.39118032528582,
       35.70047414974614
      ],
      [
       51.38993267708581,
       35.70087005900196
      ],
      [
       51.38430817137983,
       35.70075927073143
      ],
      [
       51.3843838788772,
       35.69907361502752
      ],
      [
       51.384529151187,
       35.69807262720269
      ]
     ]
    ]
   }
  },
  {
   "type": "Feature",
   "properties": {
    "key": "g314dec1",
    "title": "میدان حر",
    "subtitle": "چهار راه کمالی، کارگر جنوبی، پاستور، امام خمینی، مخصوص",
    "search_keywords": "چهار راه کمالی، کارگر جنوبی، پاستور، امام خمینی، مخصوص، غفاری، کاشان، مرکز خرید صبا، میدان حر",
    "district": "منطقه 11",
    "source": "curated-polygon",
    "area_sqkm": 1.168
   },
   "geometry": {
    "type": "Polygon",
    "coordinates": [
     [
      [
       51.38383526452434,
       35.6938671610656
      ],
      [
       51.38415636922119,
       35.69158816556227
      ],
      [
       51.38429830656389,
       35.69061282035492
      ],
      [
       51.38431007640976,
       35.68992223676947
      ],
      [
       51.38430118678307,
       35.68920097745371
      ],
      [
       51.38413793825897,
       35.68885992573233
      ],
      [
       51.38379435997067,
       35.68831965379646
      ],
      [
       51.38342730700435,
       35.68777958064673
      ],
      [
       51.38324258067716,
       35.6871108122909
      ],
      [
       51.38291433366882,
       35.68660747269147
      ],
      [
       51.38260474711223,
       35.68606439867322
      ],
      [
       51.38244734892145,
       35.68551831918451
      ],
      [
       51.38257702147795,
       35.68456239343306
      ],
      [
       51.38280116368565,
       35.68380165989227
      ],
      [
       51.38304686318227,
       35.68314722820443
      ],
      [
       51.3834269237275,
       35.68266201282071
      ],
      [
       51.38404603553598,
       35.68206110264496
      ],
      [
       51.38446079368782,
       35.68171961999035
      ],
      [
       51.38538176928831,
       35.68115845465263
      ],
      [
       51.38632225690769,
       35.68086306821497
      ],
      [
       51.38736550809481,
       35.68071559513788
      ],
      [
       51.38819839852393,
       35.68068458311443
      ],
      [
       51.38891393950729,
       35.680726846212
      ],
      [
       51.38951710268564,
       35.6808525894381
      ],
      [
       51.39111406914637,
       35.68148602281799
      ],
      [
       51.39256515281323,
       35.68205201370522
      ],
      [
       51.39366075685904,
       35.6824477653562
      ],
      [
       51.39292855713117,
       35.68765577368838
      ],
      [
       51.39329777245289,
       35.68785601172915
      ],
      [
       51.39344722283794,
       35.68806733766493
      ],
      [
       51.39337671292983,
       35.6883110609999
      ],
      [
       51.39321502110752,
       35.68852822669977
      ],
      [
       51.39296410670528,
       35.68865121375161
      ],
      [
       51.39274137441273,
       35.68882554566872
      ],
      [
       51.39248295963297,
       35.69033997386296
      ],
      [
       51.39270635986671,
       35.69048656729519
      ],
      [
       51.39284684572885,
       35.69062012808325
      ],
      [
       51.39294266786715,
       35.6909049151209
      ],
      [
       51.39282198609007,
       35.6910882243633
      ],
      [
       51.39254830095085,
       35.69124124728339
      ],
      [
       51.39238629790619,
       35.6913537349026
      ],
      [
       51.39210764580354,
       35.69328056968116
      ],
      [
       51.38383526452434,
       35.6938671610656
      ]
     ]
    ]
   }
  },
  {
   "type": "Feature",
   "properties": {
    "key": "g83f7710",
    "title": "فروزش-امیربهادر",
    "subtitle": "امیربهادر، فروزش، مولوی، وحدت اسلامی، ولی عصر",
    "search_keywords": "امیربهادر، فروزش، مولوی، وحدت اسلامی، ولی عصر، فروزش-امیربهادر",
    "district": "منطقه 11",
    "source": "curated-polygon",
    "area_sqkm": 0.558
   },
   "geometry": {
    "type": "Polygon",
    "coordinates": [
     [
      [
       51.39939543505104,
       35.66719407934306
      ],
      [
       51.40624011954974,
       35.66737428003336
      ],
      [
       51.40632933598349,
       35.66723476829463
      ],
      [
       51.40649970773947,
       35.66711203724679
      ],
      [
       51.40664198680906,
       35.66712853195667
      ],
      [
       51.40684812829194,
       35.66725956834808
      ],
      [
       51.40678147166414,
       35.66742351069049
      ],
      [
       51.40663181582897,
       35.66757164035322
      ],
      [
       51.40728879236559,
       35.67192258134013
      ],
      [
       51.40772325394634,
       35.67458307421117
      ],
      [
       51.40719327524717,
       35.67471299903171
      ],
      [
       51.40426383449634,
       35.67506774087278
      ],
      [
       51.40058809372084,
       35.67535181067822
      ],
      [
       51.4002543068738,
       35.67222604732468
      ],
      [
       51.39939543505104,
       35.66719407934306
      ]
     ]
    ]
   }
  },
  {
   "type": "Feature",
   "properties": {
    "key": "g8d665e0",
    "title": "امامزاده یحیی",
    "subtitle": "باغ پسته بک، بهرون، امیرکبیر، پانزده خرداد، بیمارستان دکتر سپیر",
    "search_keywords": "باغ پسته بک، بهرون، امیرکبیر، پانزده خرداد، بیمارستان دکتر سپیر، بوستان میرزا محمود وزیری، صاحب دیوان، امامزاده یحیی",
    "district": "منطقه 12",
    "source": "curated-polygon",
    "area_sqkm": 0.682
   },
   "geometry": {
    "type": "Polygon",
    "coordinates": [
     [
      [
       51.43181885884798,
       35.68551417310341
      ],
      [
       51.43024273198211,
       35.67569561613704
      ],
      [
       51.43821817341758,
       35.674294265325
      ],
      [
       51.43851743927552,
       35.67868115740614
      ],
      [
       51.43678164557636,
       35.68398452564578
      ],
      [
       51.43181885884798,
       35.68551417310341
      ]
     ]
    ]
   }
  },
  {
   "type": "Feature",
   "properties": {
    "key": "gb63ffe2",
    "title": "پیروزی",
    "subtitle": "پنجم نیروی هوایی، اول نیروهوایی، دوم نیرو هوایی، کنار گذر پیروزی، سی متری نیروی هوایی",
    "search_keywords": "پنجم نیروی هوایی، اول نیروهوایی، دوم نیرو هوایی، کنار گذر پیروزی، سی متری نیروی هوایی، پایانه براری، ایستگاه مترو نیرو هوایی، مرکز خرید رویال، مادر، پیروزی",
    "district": "منطقه 13",
    "source": "curated-polygon",
    "area_sqkm": 0.714
   },
   "geometry": {
    "type": "Polygon",
    "coordinates": [
     [
      [
       51.49350878583092,
       35.69311706207112
      ],
      [
       51.4903543211661,
       35.69979043228117
      ],
      [
       51.48762673359563,
       35.69891547381572
      ],
      [
       51.48746036944318,
       35.69896411259188
      ],
      [
       51.48691479103819,
       35.69923088294695
      ],
      [
       51.48646623541131,
       35.6991674455138
      ],
      [
       51.48608744856409,
       35.69888943370189
      ],
      [
       51.4859272880723,
       35.69870894377624
      ],
      [
       51.48571459567036,
       35.69838967957195
      ],
      [
       51.48434316553987,
       35.6979587333249
      ],
      [
       51.47984541893939,
       35.69660178162334
      ],
      [
       51.48014113212293,
       35.6938347116756
      ],
      [
       51.48022791539472,
       35.69204607473124
      ],
      [
       51.49350878583092,
       35.69311706207112
      ]
     ]
    ]
   }
  },
  {
   "type": "Feature",
   "properties": {
    "key": "ga265a8a",
    "title": "شورا",
    "subtitle": "شمس، مسیل منوچهری، مستوفی، رضایی، ولی الله محسنی",
    "search_keywords": "شمس، مسیل منوچهری، مستوفی، رضایی، ولی الله محسنی، سیرت نیا، بوستان نشاط، بوستان مهر آور، بوستان رهام، شورا",
    "district": "منطقه 13",
    "source": "curated-polygon",
    "area_sqkm": 0.724
   },
   "geometry": {
    "type": "Polygon",
    "coordinates": [
     [
      [
       51.50188019704769,
       35.70754997624319
      ],
      [
       51.5012269475971,
       35.70908402778549
      ],
      [
       51.50101970678375,
       35.7090712945068
      ],
      [
       51.50072489709827,
       35.70926447438929
      ],
      [
       51.50063598530274,
       35.70944515148393
      ],
      [
       51.50068998843109,
       35.70961318204847
      ],
      [
       51.50090473650743,
       35.70980729651928
      ],
      [
       51.49918069431412,
       35.71338356961334
      ],
      [
       51.49886116809482,
       35.71343585746703
      ],
      [
       51.49872097250239,
       35.71361773281348
      ],
      [
       51.49869333005969,
       35.71381280583032
      ],
      [
       51.49887521141335,
       35.71400802874836
      ],
      [
       51.49825599162485,
       35.71542060049323
      ],
      [
       51.49899867574474,
       35.71714862584234
      ],
      [
       51.49449282552393,
       35.71574445024801
      ],
      [
       51.4949070989361,
       35.71480066865681
      ],
      [
       51.49141507632827,
       35.70722460066732
      ],
      [
       51.4919514314055,
       35.70630338553518
      ],
      [
       51.49211791170409,
       35.70591069406704
      ],
      [
       51.49240044806641,
       35.70456953279543
      ],
      [
       51.50188019704769,
       35.70754997624319
      ]
     ]
    ]
   }
  },
  {
   "type": "Feature",
   "properties": {
    "key": "969",
    "title": "شکوفه",
    "subtitle": "شکوفه، پیروزی، شهدا، هفده شهریور، کیامنش",
    "search_keywords": "شکوفه، پیروزی، شهدا، هفده شهریور، کیامنش شکوفه، داوود دژکام، ابن سینا، تونل امیرکبیر، پاساژ یاس شکوفه، بوستان شکوفه، بوستان گلزار، شکوفه",
    "district": "منطقه 14",
    "source": "curated-polygon",
    "area_sqkm": 0.451
   },
   "geometry": {
    "type": "Polygon",
    "coordinates": [
     [
      [
       51.44987169961124,
       35.68186896415052
      ],
      [
       51.45204799176059,
       35.68991380900263
      ],
      [
       51.44775728543289,
       35.68970785672639
      ],
      [
       51.44753903659863,
       35.6893616169782
      ],
      [
       51.44731982428551,
       35.68924016803808
      ],
      [
       51.44660226752216,
       35.67851208142143
      ],
      [
       51.44642289991397,
       35.67509220727466
      ],
      [
       51.44778354182645,
       35.67545825526086
      ],
      [
       51.44987169961124,
       35.68186896415052
      ]
     ]
    ]
   }
  },
  {
   "type": "Feature",
   "properties": {
    "key": "gee832a8",
    "title": "سرآسیاب دولاب",
    "subtitle": "نیکنام، اندرزگو، محبی، بروجردی، برادران شیردم",
    "search_keywords": "نیکنام، اندرزگو، محبی، بروجردی، برادران شیردم، اسماعیل داورزنی، سرآسیاب دولاب",
    "district": "منطقه 14",
    "source": "curated-polygon",
    "area_sqkm": 0.316
   },
   "geometry": {
    "type": "Polygon",
    "coordinates": [
     [
      [
       51.46272397762647,
       35.68115529390938
      ],
      [
       51.47047458227132,
       35.68313414222612
      ],
      [
       51.47178046093615,
       35.68329736615253
      ],
      [
       51.47242001321866,
       35.68352081714496
      ],
      [
       51.47067787115267,
       35.68569582714306
      ],
      [
       51.47003826293782,
       35.68567645776368
      ],
      [
       51.46740474665145,
       35.68563044148615
      ],
      [
       51.46741247912711,
       35.68545025410879
      ],
      [
       51.46715937384167,
       35.68530717888817
      ],
      [
       51.46683290834896,
       35.68542623689601
      ],
      [
       51.46676598303256,
       35.68564401945577
      ],
      [
       51.466240515654,
       35.6855672543408
      ],
      [
       51.46587859051109,
       35.68571075620694
      ],
      [
       51.46529572978674,
       35.68584799150683
      ],
      [
       51.46495800154669,
       35.68597000836204
      ],
      [
       51.46333840147618,
       35.68602268632452
      ],
      [
       51.4624385543042,
       35.68579912103936
      ],
      [
       51.46272397762647,
       35.68115529390938
      ]
     ]
    ]
   }
  },
  {
   "type": "Feature",
   "properties": {
    "key": "289",
    "title": "صددستگاه",
    "subtitle": "پیروزی، دهم فروردین، نبرد شمالی، فرزانه، نجار محمودی",
    "search_keywords": "پیروزی، دهم فروردین، نبرد شمالی، فرزانه، نجار محمودی صد دستگاه، اندرزگو، محمدرضا نجار محمودی، احمد جعفرنژاد، سید محمدباقر دریاباری، یاسین، قره یاضی، ایستگاه مترو نبرد، ایستگاه مترو پیروزی، بوستان گل نما، صددستگاه",
    "district": "منطقه 14",
    "source": "curated-polygon",
    "area_sqkm": 0.653
   },
   "geometry": {
    "type": "Polygon",
    "coordinates": [
     [
      [
       51.46361794011981,
       35.69084121979961
      ],
      [
       51.4654941638075,
       35.68943354476068
      ],
      [
       51.46708255254174,
       35.6860285258191
      ],
      [
       51.4673867052018,
       35.68573475330334
      ],
      [
       51.46741083940552,
       35.68564602611929
      ],
      [
       51.47084122519214,
       35.68570732578615
      ],
      [
       51.47083152678559,
       35.68666450629233
      ],
      [
       51.47913267339481,
       35.68723053691436
      ],
      [
       51.47862576450023,
       35.6919167988649
      ],
      [
       51.47323041739107,
       35.69147439139269
      ],
      [
       51.46361794011981,
       35.69084121979961
      ]
     ]
    ]
   }
  },
  {
   "type": "Feature",
   "properties": {
    "key": "g502bbc2",
    "title": "ابوذز",
    "subtitle": "ابوذر، محمود کریمشاهیان، محمدکاظم شهروی، ائمه اطهار، حجت الله شهرابی",
    "search_keywords": "ابوذر، محمود کریمشاهیان، محمدکاظم شهروی، ائمه اطهار، حجت الله شهرابی، غلامرضا مونسان، پایانه ائمه اطهار، سرای محله ابوذر، بوستان ائمه اطهار، بوستان افراسیابی، ابوذز",
    "district": "منطقه 14",
    "source": "curated-polygon",
    "area_sqkm": 0.967
   },
   "geometry": {
    "type": "Polygon",
    "coordinates": [
     [
      [
       51.4880325771662,
       35.67537640336828
      ],
      [
       51.48813240924411,
       35.6767485010465
      ],
      [
       51.49084466948744,
       35.67678897377395
      ],
      [
       51.4908263340014,
       35.68017961245975
      ],
      [
       51.49260659006303,
       35.68017929861055
      ],
      [
       51.49244044512651,
       35.68813626387102
      ],
      [
       51.49126518238111,
       35.68804342773041
      ],
      [
       51.49113908427863,
       35.68369480878252
      ],
      [
       51.49048435404498,
       35.68369728538595
      ],
      [
       51.4904592387733,
       35.6834231963594
      ],
      [
       51.48679482423403,
       35.68319645633555
      ],
      [
       51.48673890986071,
       35.68380305581416
      ],
      [
       51.47973415565051,
       35.68325479205333
      ],
      [
       51.48066991675798,
       35.67486615723879
      ],
      [
       51.4880325771662,
       35.67537640336828
      ]
     ]
    ]
   }
  },
  {
   "type": "Feature",
   "properties": {
    "key": "gfcce642",
    "title": "قصر فیروزه",
    "subtitle": "شهرک فجر، شهرک کلاهدوز، قصر فیروزه ۱، شهرک مسکونی یاران ولایت، شهیدان ارتش",
    "search_keywords": "شهرک فجر، شهرک کلاهدوز، قصر فیروزه ۱، شهرک مسکونی یاران ولایت، شهیدان ارتش، فهمیده، شهیدان سرباز، جاده مخصوص ماشین نظامی، صفوی، برادران علیرضایی، دانشگاه علمی کاربردی یگان ویژه، دانشگاه پدافند هوایی خاتم الانبیا، دانشکده حضرت زینب، قصر فیروزه",
    "district": null,
    "source": "curated-polygon",
    "area_sqkm": 5.748
   },
   "geometry": {
    "type": "Polygon",
    "coordinates": [
     [
      [
       51.49380088235485,
       35.6909946902116
      ],
      [
       51.49351631766186,
       35.68814399583751
      ],
      [
       51.49258788905732,
       35.68810231454338
      ],
      [
       51.49276014579641,
       35.68000972239603
      ],
      [
       51.49207089720299,
       35.66890892595801
      ],
      [
       51.49198162321647,
       35.66675192493496
      ],
      [
       51.49063021272358,
       35.66272776747153
      ],
      [
       51.50755599915811,
       35.65909048815216
      ],
      [
       51.50818866536298,
       35.65946361893903
      ],
      [
       51.50860173554023,
       35.67443662916402
      ],
      [
       51.50846712733084,
       35.67520392357045
      ],
      [
       51.50928389578635,
       35.67519618002007
      ],
      [
       51.51369704863517,
       35.67345186476467
      ],
      [
       51.51897771981958,
       35.67729296262304
      ],
      [
       51.51395863708813,
       35.68218568093626
      ],
      [
       51.51265584564571,
       35.68339664383613
      ],
      [
       51.50582594366233,
       35.6901412480148
      ],
      [
       51.50580944731829,
       35.69071905343181
      ],
      [
       51.50561600808199,
       35.69111684557545
      ],
      [
       51.50499085575127,
       35.69125473755412
      ],
      [
       51.49511702919334,
       35.69301922341973
      ],
      [
       51.49525097458992,
       35.69264038336792
      ],
      [
       51.49530396809963,
       35.69224106178216
      ],
      [
       51.49489996168365,
       35.69181949401244
      ],
      [
       51.49444336242507,
       35.69150625287516
      ],
      [
       51.49396096801582,
       35.69126124435467
      ],
      [
       51.49380088235485,
       35.6909946902116
      ]
     ]
    ]
   }
  },
  {
   "type": "Feature",
   "properties": {
    "key": "gfeef201",
    "title": "آهنگ شرقی-آهنگ غربی",
    "subtitle": "آهنگ غربی، آهنگ شرقی، آهنگ، چهارراه کربلا، شاه آبادی",
    "search_keywords": "آهنگ غربی، آهنگ شرقی، آهنگ، چهارراه کربلا، شاه آبادی، زمزم، سی متری حسینی، قیام، محلات، نبرد، بسیج، پایانه محلاتی، ایستگاه مترو آهنگ، بوستان نسترن، بوستان اقاقیا، بوستان فتح، آهنگ شرقی-آهنگ غربی",
    "district": "منطقه 14",
    "source": "curated-polygon",
    "area_sqkm": 2.888
   },
   "geometry": {
    "type": "Polygon",
    "coordinates": [
     [
      [
       51.46490846926126,
       35.66973075417142
      ],
      [
       51.46516114661921,
       35.66867194899649
      ],
      [
       51.46512264742508,
       35.66740076097663
      ],
      [
       51.46439195723019,
       35.66581393280681
      ],
      [
       51.46262746252806,
       35.66269883911567
      ],
      [
       51.46088814304225,
       35.6590844512558
      ],
      [
       51.46124313020721,
       35.65891660719076
      ],
      [
       51.46187844348594,
       35.65877674917388
      ],
      [
       51.46257787662368,
       35.65887567932538
      ],
      [
       51.46335792764832,
       35.65918016781903
      ],
      [
       51.46434707715426,
       35.65948717408507
      ],
      [
       51.4652048053371,
       35.65971441661425
      ],
      [
       51.46617268490567,
       35.65976020761013
      ],
      [
       51.46751751205224,
       35.6593402889994
      ],
      [
       51.46880858558334,
       35.65896310478766
      ],
      [
       51.47502898743979,
       35.65813163756315
      ],
      [
       51.48832681990506,
       35.65619672607698
      ],
      [
       51.49182079962367,
       35.66681252378526
      ],
      [
       51.48845813081656,
       35.66696824162251
      ],
      [
       51.48166416932543,
       35.66801637908333
      ],
      [
       51.47418302537764,
       35.66904428264223
      ],
      [
       51.46762387311112,
       35.67003459042964
      ],
      [
       51.46565535054706,
       35.67033173839737
      ],
      [
       51.46533893777239,
       35.6699380467282
      ],
      [
       51.46490846926126,
       35.66973075417142
      ]
     ]
    ]
   }
  },
  {
   "type": "Feature",
   "properties": {
    "key": "g3145f65",
    "title": "اسلام آباد والفجر",
    "subtitle": "اسلام آباد - والفجر، اسلام آباد، ایرج احمدیان، خاتم الانبیا، هنرستان",
    "search_keywords": "اسلام آباد - والفجر، اسلام آباد، ایرج احمدیان، خاتم الانبیا، هنرستان، قائم، دوم، شوشتری، پارک ولایت، بوستان دارالقرآن، بوستان والفجر، اسلام آباد والفجر",
    "district": "منطقه 15",
    "source": "curated-polygon",
    "area_sqkm": 1.54
   },
   "geometry": {
    "type": "Polygon",
    "coordinates": [
     [
      [
       51.50742059747857,
       35.64488111787829
      ],
      [
       51.50566698721934,
       35.64428482539582
      ],
      [
       51.49937349496815,
       35.64472224800221
      ],
      [
       51.49923423919519,
       35.64401837123641
      ],
      [
       51.49698382879466,
       35.6440572514845
      ],
      [
       51.49420760987587,
       35.64297038856667
      ],
      [
       51.49235334121761,
       35.64194491325804
      ],
      [
       51.49008700758678,
       35.64038967110955
      ],
      [
       51.48546865731973,
       35.6372866558208
      ],
      [
       51.48479336917724,
       35.6369835702965
      ],
      [
       51.48439120868466,
       35.63698393449671
      ],
      [
       51.48445658436556,
       35.63619680186751
      ],
      [
       51.48447096048726,
       35.63581453800033
      ],
      [
       51.48615687129904,
       35.63404953843679
      ],
      [
       51.49121329580586,
       35.63525735993603
      ],
      [
       51.49656028099437,
       35.63624421921329
      ],
      [
       51.50803439701005,
       35.63785602059928
      ],
      [
       51.5088456837715,
       35.64568924199227
      ],
      [
       51.50742059747857,
       35.64488111787829
      ]
     ]
    ]
   }
  },
  {
   "type": "Feature",
   "properties": {
    "key": "270",
    "title": "هاشم آباد",
    "subtitle": "هاشم‌آباد، خاوران، عباس کاشی، رضایی، بعثت",
    "search_keywords": "هاشم‌آباد، خاوران، عباس کاشی، رضایی، بعثت هاشم‌آباد، مجتمع مسکونی بعثت، مسجد بنی هاشم، حاج اسماعیل رضایی، سلامی، رئیسی، بوستان زنبق، بوستان نیلوفر، بوستان مبعث، هاشم آباد",
    "district": "منطقه 15",
    "source": "curated-polygon",
    "area_sqkm": 0.906
   },
   "geometry": {
    "type": "Polygon",
    "coordinates": [
     [
      [
       51.46713956795879,
       35.65265118677176
      ],
      [
       51.46647141363918,
       35.64894284226607
      ],
      [
       51.46611571517466,
       35.64669460569972
      ],
      [
       51.4656926524227,
       35.64216676108428
      ],
      [
       51.4681276699398,
       35.64133157080561
      ],
      [
       51.4741056364747,
       35.63909606443515
      ],
      [
       51.47943858781131,
       35.63702326947595
      ],
      [
       51.47937502079975,
       35.63742233201553
      ],
      [
       51.47957417703783,
       35.63771638151398
      ],
      [
       51.47995016355177,
       35.63790421193651
      ],
      [
       51.48044163541555,
       35.63787700003947
      ],
      [
       51.48099265003751,
       35.63754127716581
      ],
      [
       51.47148544244639,
       35.64780946314227
      ],
      [
       51.46713956795879,
       35.65265118677176
      ]
     ]
    ]
   }
  },
  {
   "type": "Feature",
   "properties": {
    "key": "gde7e44c",
    "title": "ولیعصر-بی سیم",
    "subtitle": "بی سیم، ولیعصر، طیب، حاج اسماعیل رضایی، ایستگاه مترو شهید رضایی",
    "search_keywords": "بی سیم، ولیعصر، طیب، حاج اسماعیل رضایی، ایستگاه مترو شهید رضایی، بوستان ولی عصر، ولیعصر-بی سیم",
    "district": "منطقه 15",
    "source": "curated-polygon",
    "area_sqkm": 0.574
   },
   "geometry": {
    "type": "Polygon",
    "coordinates": [
     [
      [
       51.44512542519311,
       35.65670205633127
      ],
      [
       51.44456798923122,
       35.65152450725593
      ],
      [
       51.45394770723306,
       35.65027704158452
      ],
      [
       51.45491173854973,
       35.65171570559459
      ],
      [
       51.45537576031578,
       35.65362748117227
      ],
      [
       51.45552949678636,
       35.65601327560438
      ],
      [
       51.44512542519311,
       35.65670205633127
      ]
     ]
    ]
   }
  },
  {
   "type": "Feature",
   "properties": {
    "key": "240",
    "title": "شوش",
    "subtitle": "شوش، هفده شهریور جنوبی، ارج، مظاهری، رجب‌نیا، سجادیه، رضایی، فداییان اسلام",
    "search_keywords": "شوش، هفده شهریور جنوبی، ارج، مظاهری، رجب‌نیا، سجادیه، رضایی، فداییان اسلام شوش، رجب نیا، حصاری، ابراهیمی، هفده شهریور، پارک ارج، شوش",
    "district": "منطقه 15",
    "source": "curated-polygon",
    "area_sqkm": 0.464
   },
   "geometry": {
    "type": "Polygon",
    "coordinates": [
     [
      [
       51.44534264498128,
       35.66074408469287
      ],
      [
       51.44095507122033,
       35.66050141585729
      ],
      [
       51.43496122138382,
       35.65956033426249
      ],
      [
       51.43156660101715,
       35.65972276765915
      ],
      [
       51.43142440443242,
       35.65951815199063
      ],
      [
       51.43136144609324,
       35.65935696982881
      ],
      [
       51.43324291606872,
       35.65910711113757
      ],
      [
       51.43377517090293,
       35.65843128248842
      ],
      [
       51.43657716323736,
       35.65667153219324
      ],
      [
       51.44490327678682,
       35.65502341046783
      ],
      [
       51.44509851708017,
       35.65753580486862
      ],
      [
       51.44534264498128,
       35.66074408469287
      ]
     ]
    ]
   }
  },
  {
   "type": "Feature",
   "properties": {
    "key": "gac86af1",
    "title": "بروجردی دهقان",
    "subtitle": "شهرک شهید بروجردی، مجتمع مسکونی صنایع دفاع، امام علی، رئیسی، امام رضا",
    "search_keywords": "شهرک شهید بروجردی، مجتمع مسکونی صنایع دفاع، امام علی، رئیسی، امام رضا، کنارگذر شهید سلامی، مرکز خرید زیتون، سرای محله شهرک شهید بروجردی، بوستان شهرک، بروجردی دهقان",
    "district": "منطقه 15",
    "source": "curated-polygon",
    "area_sqkm": 0.578
   },
   "geometry": {
    "type": "Polygon",
    "coordinates": [
     [
      [
       51.47092959704394,
       35.64019874867991
      ],
      [
       51.46781055149369,
       35.64137409033422
      ],
      [
       51.46391699474637,
       35.64255884982445
      ],
      [
       51.46419920281699,
       35.63783574904245
      ],
      [
       51.46426754419176,
       35.63216430254445
      ],
      [
       51.4699039463767,
       35.63520135705155
      ],
      [
       51.47230031606863,
       35.63679994312039
      ],
      [
       51.47366501736565,
       35.6391814441056
      ],
      [
       51.47092959704394,
       35.64019874867991
      ]
     ]
    ]
   }
  },
  {
   "type": "Feature",
   "properties": {
    "key": "ge84454b",
    "title": "کیانشهر شمالی",
    "subtitle": "امام رضا، ابراهیمی، آل ابراهیم، نوروزی، بشیر سلیمی",
    "search_keywords": "امام رضا، ابراهیمی، آل ابراهیم، نوروزی، بشیر سلیمی، فداییان اسلام، ایستگاه مترو بعثت، بوستان امیرکبیر، بوستان نارون، بوستان سپیدار، کیانشهر شمالی",
    "district": "منطقه 15",
    "source": "curated-polygon",
    "area_sqkm": 2.3
   },
   "geometry": {
    "type": "Polygon",
    "coordinates": [
     [
      [
       51.45304470373025,
       35.64546325770238
      ],
      [
       51.45031465174745,
       35.64541106585882
      ],
      [
       51.44301422166209,
       35.64486221156354
      ],
      [
       51.43811956831959,
       35.64501276910398
      ],
      [
       51.43443931650142,
       35.64537019670744
      ],
      [
       51.43513969190595,
       35.64004405015719
      ],
      [
       51.43574240220131,
       35.63308247764645
      ],
      [
       51.44128789505848,
       35.63346265389901
      ],
      [
       51.4409855555188,
       35.63463830924124
      ],
      [
       51.44740799418966,
       35.63581914656465
      ],
      [
       51.4568538745243,
       35.63986225651559
      ],
      [
       51.45623398653416,
       35.64191085556626
      ],
      [
       51.4560339186311,
       35.64248401295266
      ],
      [
       51.45800565284269,
       35.64136787979323
      ],
      [
       51.46412534428725,
       35.63792151531897
      ],
      [
       51.46377315908611,
       35.64253700959667
      ],
      [
       51.46026936427047,
       35.64403157137764
      ],
      [
       51.45726936684523,
       35.64487832027975
      ],
      [
       51.45304470373025,
       35.64546325770238
      ]
     ]
    ]
   }
  },
  {
   "type": "Feature",
   "properties": {
    "key": "g94b81a4",
    "title": "باغ آذری",
    "subtitle": "رئیسی، عباسی، عباس صابونیان، دشتبان زاده، سرداری (اردشیر)",
    "search_keywords": "رئیسی، عباسی، عباس صابونیان، دشتبان زاده، سرداری (اردشیر)، رسول عالی، شوش، پایانه مسافربری جنوب، پایانه جنوب، پاساژ قصر بلور، مجتمع تجاری جهان مال، مجتمع تجاری میلاد، باغ آذری",
    "district": "منطقه 16",
    "source": "curated-polygon",
    "area_sqkm": 2.46
   },
   "geometry": {
    "type": "Polygon",
    "coordinates": [
     [
      [
       51.4297282567299,
       35.65960509631982
      ],
      [
       51.42125418503262,
       35.65913363644792
      ],
      [
       51.41609102738144,
       35.6588092269769
      ],
      [
       51.41236334909491,
       35.65853719261898
      ],
      [
       51.41295095134757,
       35.65588618734097
      ],
      [
       51.41348379213752,
       35.65373063253801
      ],
      [
       51.41344154687569,
       35.65284663425332
      ],
      [
       51.41261189387079,
       35.64798116915006
      ],
      [
       51.4214482880304,
       35.64707088863012
      ],
      [
       51.42781077435237,
       35.64632759025709
      ],
      [
       51.43420434499633,
       35.64561131071907
      ],
      [
       51.43386565533398,
       35.64866530121378
      ],
      [
       51.43350424356808,
       35.65093060322383
      ],
      [
       51.43274134474018,
       35.65341679665858
      ],
      [
       51.43193223700054,
       35.65621944637264
      ],
      [
       51.43112540104321,
       35.65931966265783
      ],
      [
       51.4307090168656,
       35.65934133941822
      ],
      [
       51.43047380814216,
       35.6596380271727
      ],
      [
       51.4297282567299,
       35.65960509631982
      ]
     ]
    ]
   }
  },
  {
   "type": "Feature",
   "properties": {
    "key": "ge8a80a9",
    "title": "علی آباد جنوبی",
    "subtitle": "علی آباد، کنارگذر شهید سلامی، بیست و یک متری بعثت، قاسم هونجانی، فداییان اسلام",
    "search_keywords": "علی آباد، کنارگذر شهید سلامی، بیست و یک متری بعثت، قاسم هونجانی، فداییان اسلام، سلامی، حسین پیراینده، بوستان بازیافت، بوستان فلاحتی، بوستان رز، علی آباد جنوبی",
    "district": "منطقه 16",
    "source": "curated-polygon",
    "area_sqkm": 1.311
   },
   "geometry": {
    "type": "Polygon",
    "coordinates": [
     [
      [
       51.43178316926624,
       35.62988293403167
      ],
      [
       51.42563222376813,
       35.63012848085823
      ],
      [
       51.42268752625587,
       35.63290438470677
      ],
      [
       51.41779674437293,
       35.63316657283468
      ],
      [
       51.42099701740892,
       35.6183594686077
      ],
      [
       51.42237235341781,
       35.61945212288672
      ],
      [
       51.42553247230767,
       35.62187523810948
      ],
      [
       51.428506918703,
       35.62379269992001
      ],
      [
       51.4307495954948,
       35.62525616167137
      ],
      [
       51.43300659824956,
       35.62621110820964
      ],
      [
       51.43623574373329,
       35.62754591608331
      ],
      [
       51.43609115411715,
       35.62987352124944
      ],
      [
       51.43178316926624,
       35.62988293403167
      ]
     ]
    ]
   }
  },
  {
   "type": "Feature",
   "properties": {
    "key": "g0ee0aba",
    "title": "ابوذر شرقی",
    "subtitle": "سرای محله ابوذر شرقی، ابوذر، سعید رشیدی جهان، اکبر سوری، بوستان رشیدی جهان",
    "search_keywords": "سرای محله ابوذر شرقی، ابوذر، سعید رشیدی جهان، اکبر سوری، بوستان رشیدی جهان، ابوذر شرقی",
    "district": "منطقه 17",
    "source": "curated-polygon",
    "area_sqkm": 0.264
   },
   "geometry": {
    "type": "Polygon",
    "coordinates": [
     [
      [
       51.36934132156603,
       35.65884370339047
      ],
      [
       51.36826667803828,
       35.66031679317226
      ],
      [
       51.36721453166438,
       35.66146550317396
      ],
      [
       51.3648017506967,
       35.66186538327361
      ],
      [
       51.36355976728986,
       35.6620660364251
      ],
      [
       51.36254786472532,
       35.65765606937243
      ],
      [
       51.37082512004609,
       35.65688543634625
      ],
      [
       51.36934132156603,
       35.65884370339047
      ]
     ]
    ]
   }
  },
  {
   "type": "Feature",
   "properties": {
    "key": "g9e65ee8",
    "title": "ابوذر غربی",
    "subtitle": "ابوذر، سعید رشیدی جهان، غلامی، ولی الله عابدی، برادران شهید مایلی",
    "search_keywords": "ابوذر، سعید رشیدی جهان، غلامی، ولی الله عابدی، برادران شهید مایلی، سجاد شمالی، سرای محله ابوذرغربی، بوستان گل ناز، بوستان آلاله، ابوذر غربی",
    "district": "منطقه 17",
    "source": "curated-polygon",
    "area_sqkm": 0.428
   },
   "geometry": {
    "type": "Polygon",
    "coordinates": [
     [
      [
       51.36307745248696,
       35.66215129477541
      ],
      [
       51.35945609440216,
       35.66276933943427
      ],
      [
       51.35746001173662,
       35.66309344209232
      ],
      [
       51.35712193565146,
       35.66322434410743
      ],
      [
       51.3544710135697,
       35.66365536635263
      ],
      [
       51.35318641381716,
       35.66383647899912
      ],
      [
       51.35521750614365,
       35.66056965339758
      ],
      [
       51.35431609087825,
       35.65934055635945
      ],
      [
       51.35365368963939,
       35.65851803736047
      ],
      [
       51.36248716462588,
       35.65764843744517
      ],
      [
       51.36351521216801,
       35.66207615474251
      ],
      [
       51.36307745248696,
       35.66215129477541
      ]
     ]
    ]
   }
  },
  {
   "type": "Feature",
   "properties": {
    "key": "190",
    "title": "شهرک امام خمینی",
    "subtitle": "امام خمینی، الغدیر، هفدهم شهریور",
    "search_keywords": "امام خمینی، الغدیر، هفدهم شهریور شهرک امام خمینی، مجتمع مسکونی الغدیر، مجتمع مسکونی کاوه، جانبازان، جعفر عزیزی، مجید قربانخانی، طاووس، افتخاری، شهیدان طارمی، درنا، بازارآهن، بازار آهن شاداباد، چسب بانک، شهرک امام خمینی",
    "district": "منطقه 18",
    "source": "curated-polygon",
    "area_sqkm": 1.79
   },
   "geometry": {
    "type": "Polygon",
    "coordinates": [
     [
      [
       51.32056518565297,
       35.66990335651169
      ],
      [
       51.31646895123414,
       35.6706530066966
      ],
      [
       51.31198508878482,
       35.67131450110478
      ],
      [
       51.30885001725682,
       35.67184962565312
      ],
      [
       51.30854399956326,
       35.66450329204033
      ],
      [
       51.30878562010683,
       35.6626638793769
      ],
      [
       51.30865611147875,
       35.65980503066764
      ],
      [
       51.3108988629632,
       35.65292099377324
      ],
      [
       51.31624475901491,
       35.65378530628613
      ],
      [
       51.31958799882111,
       35.65505343260683
      ],
      [
       51.31881281297819,
       35.65731126392306
      ],
      [
       51.31859200532063,
       35.65908030041836
      ],
      [
       51.31850850069783,
       35.66135230533578
      ],
      [
       51.31913037266654,
       35.66395262964056
      ],
      [
       51.31976800454027,
       35.66649887767425
      ],
      [
       51.32106643585748,
       35.66981734117746
      ],
      [
       51.32056518565297,
       35.66990335651169
      ]
     ]
    ]
   }
  },
  {
   "type": "Feature",
   "properties": {
    "key": "g000a428",
    "title": "خلیج فارس شمالی",
    "subtitle": "خلیج فارس، چهارراه خلیج فارس، نیک پسندی، رهنما، پیروزی",
    "search_keywords": "خلیج فارس، چهارراه خلیج فارس، نیک پسندی، رهنما، پیروزی، هلال احمر، فربت، بیست متری سینا، بیمارستان فیاض بخش، بوستان پروین اعتصامی، بوستان انرژی، خلیج فارس شمالی",
    "district": null,
    "source": "curated-polygon",
    "area_sqkm": 8.271
   },
   "geometry": {
    "type": "Polygon",
    "coordinates": [
     [
      [
       51.27662663503275,
       35.67678376033226
      ],
      [
       51.27103494648642,
       35.6770549132533
      ],
      [
       51.26675122174419,
       35.67760763343186
      ],
      [
       51.26227582084686,
       35.6783170951899
      ],
      [
       51.25263838545195,
       35.67969846279252
      ],
      [
       51.24723332850923,
       35.68056702762812
      ],
      [
       51.24091882235785,
       35.68154924935905
      ],
      [
       51.23726649892666,
       35.6822030675132
      ],
      [
       51.23339618005527,
       35.68354627488073
      ],
      [
       51.23319463276729,
       35.68351377405298
      ],
      [
       51.23286770612141,
       35.68361066245964
      ],
      [
       51.23226251114464,
       35.68256767348662
      ],
      [
       51.23160574548992,
       35.68126804039775
      ],
      [
       51.23097157791133,
       35.67902138128655
      ],
      [
       51.23069238747464,
       35.67756952073292
      ],
      [
       51.2306876035809,
       35.6747715824274
      ],
      [
       51.2315844778148,
       35.6710973972324
      ],
      [
       51.23409471301213,
       35.66680964789871
      ],
      [
       51.2370873052847,
       35.66419456227119
      ],
      [
       51.240670310919,
       35.66222371995796
      ],
      [
       51.24449308811678,
       35.6608135693947
      ],
      [
       51.25287226764817,
       35.66140538586926
      ],
      [
       51.26353073355507,
       35.66202748505519
      ],
      [
       51.27276161800764,
       35.66249239617623
      ],
      [
       51.27831614612011,
       35.66221811462255
      ],
      [
       51.28361160209067,
       35.66195632737134
      ],
      [
       51.28270215276072,
       35.66356157373158
      ],
      [
       51.28176658911469,
       35.6644209834561
      ],
      [
       51.28081346553783,
       35.66591486431097
      ],
      [
       51.27983694403399,
       35.66746265667227
      ],
      [
       51.27895176729488,
       35.66855346281088
      ],
      [
       51.27885702130085,
       35.66982318161053
      ],
      [
       51.27887247729779,
       35.67106002439885
      ],
      [
       51.27919896386851,
       35.67203812741028
      ],
      [
       51.27802705397714,
       35.67303251933904
      ],
      [
       51.27797923438194,
       35.67422410657962
      ],
      [
       51.27885072712077,
       35.67674621092376
      ],
      [
       51.27662663503275,
       35.67678376033226
      ]
     ]
    ]
   }
  },
  {
   "type": "Feature",
   "properties": {
    "key": "263",
    "title": "شهیدرجایی",
    "subtitle": "سیدالشهدا، علیخانی، ایثارگران، زاهدی، آزادگان، سعیدی",
    "search_keywords": "سیدالشهدا، علیخانی، ایثارگران، زاهدی، آزادگان، سعیدی شهید رجایی، رجایی، مترو آزادگان، سید الشهدا، مفتح شمالی، وحدت، پایانه اتوبوسرانی نعمت آباد، بوستان شهریور، بوستان فروردین، بوستان نسترن، شهیدرجایی",
    "district": null,
    "source": "curated-polygon",
    "area_sqkm": 4.83
   },
   "geometry": {
    "type": "Polygon",
    "coordinates": [
     [
      [
       51.33254914629143,
       35.64355949495075
      ],
      [
       51.33121335274346,
       35.64234694105155
      ],
      [
       51.3277617420162,
       35.64191436945297
      ],
      [
       51.32285558076491,
       35.64120154868954
      ],
      [
       51.3207912545277,
       35.64136917818495
      ],
      [
       51.31767088313466,
       35.64045044364735
      ],
      [
       51.31200613796858,
       35.64049637467205
      ],
      [
       51.31168421027935,
       35.63531759041369
      ],
      [
       51.31151059529412,
       35.63336017064673
      ],
      [
       51.31111785378847,
       35.6321976246829
      ],
      [
       51.31524463229003,
       35.63001536397236
      ],
      [
       51.31825886009748,
       35.62787630154429
      ],
      [
       51.32112377825031,
       35.62516345215867
      ],
      [
       51.32295090565267,
       35.62303089516641
      ],
      [
       51.32523732998795,
       35.62051413013251
      ],
      [
       51.32757007606962,
       35.62195751406438
      ],
      [
       51.33094627117846,
       35.62462004339934
      ],
      [
       51.33383869632677,
       35.62698813573709
      ],
      [
       51.33798467156498,
       35.62889110761386
      ],
      [
       51.34563812831781,
       35.63289284140316
      ],
      [
       51.34681974634879,
       35.63346951205535
      ],
      [
       51.3445297787729,
       35.63573127198667
      ],
      [
       51.34204858443124,
       35.63408288331742
      ],
      [
       51.34133161430709,
       35.63684607460453
      ],
      [
       51.34508213254457,
       35.63955931320774
      ],
      [
       51.34428887571743,
       35.64177448861886
      ],
      [
       51.34355485755143,
       35.6415567510458
      ],
      [
       51.34222582381655,
       35.64223658331958
      ],
      [
       51.34071880066084,
       35.64255512957302
      ],
      [
       51.33838587482976,
       35.64240955647581
      ],
      [
       51.33694605932197,
       35.64236377364791
      ],
      [
       51.33532693707293,
       35.64296163034657
      ],
      [
       51.33379893430849,
       35.64332927785597
      ],
      [
       51.33299499983139,
       35.64333022608457
      ],
      [
       51.33254914629143,
       35.64355949495075
      ]
     ]
    ]
   }
  },
  {
   "type": "Feature",
   "properties": {
    "key": "gec837fc",
    "title": "خانی آباد جنوبی",
    "subtitle": "تندگویان، آموزگار، کنارگذر آزادگان، صنیع خانی، میثاق",
    "search_keywords": "تندگویان، آموزگار، کنارگذر آزادگان، صنیع خانی، میثاق، میعاد، پایانه خانی آباد نو، دانشکده تربیت بدنی دانشگاه آزاد واحد جنوب تهران، بوستان بهشت، بوستان شقایق، خانی آباد جنوبی",
    "district": "منطقه 19",
    "source": "curated-polygon",
    "area_sqkm": 0.805
   },
   "geometry": {
    "type": "Polygon",
    "coordinates": [
     [
      [
       51.39312570752576,
       35.62606286478136
      ],
      [
       51.3908012160489,
       35.62200567207808
      ],
      [
       51.39044502633156,
       35.61950478855857
      ],
      [
       51.39033803444087,
       35.61428647233465
      ],
      [
       51.39451275559227,
       35.61424616269626
      ],
      [
       51.40053505681293,
       35.61441755446941
      ],
      [
       51.39954477930282,
       35.61660684565588
      ],
      [
       51.39797324749008,
       35.6200191487524
      ],
      [
       51.39800486960982,
       35.62144785282207
      ],
      [
       51.39679282476603,
       35.62308770684295
      ],
      [
       51.39348337043721,
       35.62585949511972
      ],
      [
       51.39312570752576,
       35.62606286478136
      ]
     ]
    ]
   }
  },
  {
   "type": "Feature",
   "properties": {
    "key": "g17d2422",
    "title": "شریعتی شمالی",
    "subtitle": "شهرک شریعتی شمالی، ابوریحان، چراغی، جوانه، ماهان",
    "search_keywords": "شهرک شریعتی شمالی، ابوریحان، چراغی، جوانه، ماهان، مهدی صادقی، مهران، شهرک شریعتی، بوستان الهی، دانشکده دندانپزشکی پردیس بین الملل دانشگاه علوم پزشکی تهران، بوستان کوشان، شریعتی شمالی",
    "district": "منطقه 19",
    "source": "curated-polygon",
    "area_sqkm": 0.698
   },
   "geometry": {
    "type": "Polygon",
    "coordinates": [
     [
      [
       51.37002348310792,
       35.6458350894719
      ],
      [
       51.3666916969443,
       35.64251156434958
      ],
      [
       51.37322789615254,
       35.6342303532152
      ],
      [
       51.37569340104728,
       35.63080728877597
      ],
      [
       51.37929819506631,
       35.63253566507089
      ],
      [
       51.37874940438202,
       35.63478981771829
      ],
      [
       51.37522342078838,
       35.63807115743925
      ],
      [
       51.3751404063304,
       35.6406288709093
      ],
      [
       51.37085607243741,
       35.64366442205937
      ],
      [
       51.36989501123042,
       35.64461847268718
      ],
      [
       51.37002348310792,
       35.6458350894719
      ]
     ]
    ]
   }
  },
  {
   "type": "Feature",
   "properties": {
    "key": "gba82516",
    "title": "شکوفه شمالی",
    "subtitle": "عبدل آباد، چراغی، انقلاب، بدر، شکوفه",
    "search_keywords": "عبدل آباد، چراغی، انقلاب، بدر، شکوفه، مطهری شمالی، نوید، پایانه شهید سروری، کلینیک دندانپزشکی مطهر، درمانگاه شبانه روزی مطهر، بازار احسانی، شکوفه شمالی",
    "district": "منطقه 19",
    "source": "curated-polygon",
    "area_sqkm": 1.805
   },
   "geometry": {
    "type": "Polygon",
    "coordinates": [
     [
      [
       51.36685977432029,
       35.64223354033439
      ],
      [
       51.36663916406763,
       35.64249086861889
      ],
      [
       51.3642500165327,
       35.6405784727482
      ],
      [
       51.35681419831898,
       35.63681775101546
      ],
      [
       51.35770722887197,
       35.63620354898347
      ],
      [
       51.35860805762822,
       35.63538122930635
      ],
      [
       51.35910763597481,
       35.6327856980839
      ],
      [
       51.36052911781654,
       35.62786013981949
      ],
      [
       51.36176240900967,
       35.62448449233241
      ],
      [
       51.36481784764603,
       35.62557057171915
      ],
      [
       51.37564115701058,
       35.63076928804925
      ],
      [
       51.37221127591728,
       35.63549159031093
      ],
      [
       51.36685977432029,
       35.64223354033439
      ]
     ]
    ]
   }
  },
  {
   "type": "Feature",
   "properties": {
    "key": "gc925534",
    "title": "شریعتی جنوب",
    "subtitle": "شهرک شریعتی جنوبی، کنارگذر آزادگان، پارس، گلها، شقایق",
    "search_keywords": "شهرک شریعتی جنوبی، کنارگذر آزادگان، پارس، گلها، شقایق، صنیع خانی، تندگویان، بوستان سرو، بوستان گلستان، بوستان ۲۲ بهمن، شریعتی جنوب",
    "district": null,
    "source": "curated-polygon",
    "area_sqkm": 1.67
   },
   "geometry": {
    "type": "Polygon",
    "coordinates": [
     [
      [
       51.37928111385046,
       35.63252822628929
      ],
      [
       51.37333532257259,
       35.62961576751548
      ],
      [
       51.3770575691629,
       35.62493492643208
      ],
      [
       51.37768431578315,
       35.62368926282649
      ],
      [
       51.37758675795859,
       35.62369761657901
      ],
      [
       51.37772583199286,
       35.61732655095044
      ],
      [
       51.38020520911334,
       35.61734985015083
      ],
      [
       51.38032693070496,
       35.61432185957634
      ],
      [
       51.39022277928302,
       35.61429573282754
      ],
      [
       51.39034659420251,
       35.61951150514016
      ],
      [
       51.38886064959291,
       35.62140920333573
      ],
      [
       51.38713182451632,
       35.6226819245127
      ],
      [
       51.38675036594042,
       35.6266614327601
      ],
      [
       51.38570998860989,
       35.6255767182408
      ],
      [
       51.38416170690604,
       35.62768497655501
      ],
      [
       51.38233798703401,
       35.62695251425628
      ],
      [
       51.37928111385046,
       35.63252822628929
      ]
     ]
    ]
   }
  },
  {
   "type": "Feature",
   "properties": {
    "key": "gb2ce1cd",
    "title": "شکوفه جنوبی",
    "subtitle": "شکوفه، نور، گلها، بخشنده، کاظمی",
    "search_keywords": "شکوفه، نور، گلها، بخشنده، کاظمی، مطهری جنوبی، شقایق، حق العملکاری برادران عزتی، بوستان شقایق (جوانه)، بوستان جانباز، شکوفه جنوبی",
    "district": null,
    "source": "curated-polygon",
    "area_sqkm": 2.094
   },
   "geometry": {
    "type": "Polygon",
    "coordinates": [
     [
      [
       51.361862900635074,
       35.62447717289024
      ],
      [
       51.36481549450395,
       35.6255220062672
      ],
      [
       51.36593534930211,
       35.6260331859898
      ],
      [
       51.37044447967335,
       35.62818206622126
      ],
      [
       51.37326774788257,
       35.62959065204301
      ],
      [
       51.37699650518449,
       35.62486729764388
      ],
      [
       51.37750979556028,
       35.62379807739305
      ],
      [
       51.37769714770737,
       35.61724868025556
      ],
      [
       51.38012406094488,
       35.61726841183879
      ],
      [
       51.38027072585942,
       35.61431787038877
      ],
      [
       51.37482399052183,
       35.61387718264288
      ],
      [
       51.36958003658007,
       35.61304379949603
      ],
      [
       51.36614688107041,
       35.61211156925857
      ],
      [
       51.36339642933721,
       35.61653897947871
      ],
      [
       51.36268832043223,
       35.61895805977379
      ],
      [
       51.36186701377774,
       35.6244759735316
      ],
      [
       51.361862900635074,
       35.62447717289024
      ]
     ]
    ]
   }
  },
  {
   "type": "Feature",
   "properties": {
    "key": "gd30ae6a",
    "title": "شهیدکاظمی",
    "subtitle": "شهرک احمدیه، کاظمی، شکوفه، ثارالله، عباس ورامینی",
    "search_keywords": "شهرک احمدیه، کاظمی، شکوفه، ثارالله، عباس ورامینی، شقایق، مادر، مدرسه، خریدار ضایعات نعمت زاده، بوستان شکوفه، بوستان سید احمد خمینی، شهیدکاظمی",
    "district": null,
    "source": "curated-polygon",
    "area_sqkm": 2.009
   },
   "geometry": {
    "type": "Polygon",
    "coordinates": [
     [
      [
       51.36052487188439,
       35.62765652393829
      ],
      [
       51.35731542676924,
       35.62557813770542
      ],
      [
       51.35728197565307,
       35.62549220535777
      ],
      [
       51.35315350185256,
       35.62386482337936
      ],
      [
       51.35231695415815,
       35.62347114685512
      ],
      [
       51.34881047767587,
       35.62308107591183
      ],
      [
       51.35206486163251,
       35.60830467165659
      ],
      [
       51.35497562111739,
       35.60892246880199
      ],
      [
       51.35833721277541,
       35.60981872032391
      ],
      [
       51.36069917121008,
       35.61058374159274
      ],
      [
       51.36269210221257,
       35.61114832823224
      ],
      [
       51.36608669478395,
       35.61210434067752
      ],
      [
       51.36332928461366,
       35.61648669976373
      ],
      [
       51.36263449806202,
       35.6188985229414
      ],
      [
       51.36200835939052,
       35.62302160576201
      ],
      [
       51.36175076880102,
       35.62443672877151
      ],
      [
       51.3606749684357,
       35.62727246243501
      ],
      [
       51.36052487188439,
       35.62765652393829
      ]
     ]
    ]
   }
  },
  {
   "type": "Feature",
   "properties": {
    "key": "g21cf42e",
    "title": "دولتخواه",
    "subtitle": "دولتخواه شمالی، شقایق، عباس ورامینی، برادران شکری، مادر",
    "search_keywords": "دولتخواه شمالی، شقایق، عباس ورامینی، برادران شکری، مادر، پیروز شمالی، سهیل، بوستان نرگس، دولتخواه",
    "district": null,
    "source": "curated-polygon",
    "area_sqkm": 1.676
   },
   "geometry": {
    "type": "Polygon",
    "coordinates": [
     [
      [
       51.34466630544859,
       35.63226876228895
      ],
      [
       51.3380583933621,
       35.62885399104044
      ],
      [
       51.33863735968184,
       35.62622835681061
      ],
      [
       51.34138569039974,
       35.62649344766357
      ],
      [
       51.34250664679286,
       35.61899363096144
      ],
      [
       51.34525098219261,
       35.6192396179091
      ],
      [
       51.34565292875482,
       35.61657844070058
      ],
      [
       51.34286779737911,
       35.61633679622313
      ],
      [
       51.34377743002093,
       35.60824765358179
      ],
      [
       51.34545062133829,
       35.60806100010036
      ],
      [
       51.34807762650888,
       35.60793659532659
      ],
      [
       51.35203130383849,
       35.60830993250561
      ],
      [
       51.35126579650189,
       35.61180115900039
      ],
      [
       51.35054371996279,
       35.61514972206189
      ],
      [
       51.34987943993055,
       35.61803797807602
      ],
      [
       51.34878306308954,
       35.62307275432505
      ],
      [
       51.34560543616952,
       35.6327777269749
      ],
      [
       51.34466630544859,
       35.63226876228895
      ]
     ]
    ]
   }
  },
  {
   "type": "Feature",
   "properties": {
    "key": "g6b69032",
    "title": "اسماعیل آباد",
    "subtitle": "دولتخواه، استاد شهریار، مجتمع مسکونی گلسار، آیت الله سعیدی، ولیعصر",
    "search_keywords": "دولتخواه، استاد شهریار، مجتمع مسکونی گلسار، آیت الله سعیدی، ولیعصر، شهریار، عباس ورامینی، برادران شکری، کارون، آزادگان، بوستان نرگس، بوستان مرجان، بوستان شادی، اسماعیل آباد",
    "district": null,
    "source": "curated-polygon",
    "area_sqkm": 2.264
   },
   "geometry": {
    "type": "Polygon",
    "coordinates": [
     [
      [
       51.33388985687539,
       35.62692796255706
      ],
      [
       51.33152265099096,
       35.62498917839557
      ],
      [
       51.32952728260885,
       35.6234051507252
      ],
      [
       51.32764016605881,
       35.62189842798231
      ],
      [
       51.32531653308119,
       35.62037240164121
      ],
      [
       51.32653921115562,
       35.61903689791064
      ],
      [
       51.32962548682443,
       35.6154032449364
      ],
      [
       51.33311338638386,
       35.61235225901712
      ],
      [
       51.33524054375393,
       35.611011682288
      ],
      [
       51.33728491961295,
       35.61005233756237
      ],
      [
       51.340058948846,
       35.60906377239206
      ],
      [
       51.34372496750947,
       35.60808031554895
      ],
      [
       51.34281537872128,
       35.61635142006412
      ],
      [
       51.34560493990012,
       35.61661529669058
      ],
      [
       51.34519838753468,
       35.61920574657702
      ],
      [
       51.34249462748841,
       35.61895123368036
      ],
      [
       51.34132840925494,
       35.62644262781778
      ],
      [
       51.3385947988594,
       35.6261756270717
      ],
      [
       51.33800494872618,
       35.62882599612097
      ],
      [
       51.33388985687539,
       35.62692796255706
      ]
     ]
    ]
   }
  },
  {
   "type": "Feature",
   "properties": {
    "key": "gb3d6db4",
    "title": "صفائیه چشمه علی",
    "subtitle": "صفاییه، باروت کوبی، ابن بابویه، بسیج، سیدحسن غیوری",
    "search_keywords": "صفاییه، باروت کوبی، ابن بابویه، بسیج، سیدحسن غیوری، امام علی، اول شهدای فاطمیون، دانشگاه، بوستان رشکان، بوستان چشمه علی، بوستان سیفی، صفائیه چشمه علی",
    "district": null,
    "source": "curated-polygon",
    "area_sqkm": 1.029
   },
   "geometry": {
    "type": "Polygon",
    "coordinates": [
     [
      [
       51.45429518456481,
       35.60847798973941
      ],
      [
       51.4487383946489,
       35.6095099103765
      ],
      [
       51.44336825697036,
       35.61070696379584
      ],
      [
       51.44196962361848,
       35.60588365534816
      ],
      [
       51.44374322351034,
       35.60516035480282
      ],
      [
       51.44594273535911,
       35.60430512754088
      ],
      [
       51.44660270115439,
       35.60384785019864
      ],
      [
       51.44709262061049,
       35.60340445876074
      ],
      [
       51.44865481251833,
       35.60123080935107
      ],
      [
       51.44996123670833,
       35.60023858855194
      ],
      [
       51.45180059175135,
       35.59891703713765
      ],
      [
       51.45411192501973,
       35.59705590971681
      ],
      [
       51.45455792294975,
       35.5992244144481
      ],
      [
       51.45597691520293,
       35.60708224895046
      ],
      [
       51.45555164255789,
       35.6082990098314
      ],
      [
       51.45429518456481,
       35.60847798973941
      ]
     ]
    ]
   }
  },
  {
   "type": "Feature",
   "properties": {
    "key": "gcfd5095",
    "title": "ابن باویه و ظهیر آباد",
    "subtitle": "ظهیرآباد، ابن بابویه، صادقی، ورامین - تهران، آوینی",
    "search_keywords": "ظهیرآباد، ابن بابویه، صادقی، ورامین - تهران، آوینی، عبدالرحمن صوفی رازی، غلامی، بوستان شهید حسن زاده، بوستان کوثر، مجموعه فرهنگی و تجاری طغرل، ابن باویه و ظهیر آباد",
    "district": "منطقه 20",
    "source": "curated-polygon",
    "area_sqkm": 0.915
   },
   "geometry": {
    "type": "Polygon",
    "coordinates": [
     [
      [
       51.44653281939743,
       35.60379881418127
      ],
      [
       51.44598905958537,
       35.60354628680552
      ],
      [
       51.4449977228095,
       35.60222472494706
      ],
      [
       51.44382843719812,
       35.60141773047442
      ],
      [
       51.44286359728823,
       35.60031539562453
      ],
      [
       51.44151570004136,
       35.59931236278695
      ],
      [
       51.44074155338418,
       35.59814171528228
      ],
      [
       51.43988332729405,
       35.5970932921381
      ],
      [
       51.44236251050809,
       35.59640680713836
      ],
      [
       51.44434158667297,
       35.59628869455425
      ],
      [
       51.44808488296017,
       35.59505733636444
      ],
      [
       51.45027933330407,
       35.59417552328122
      ],
      [
       51.45279042460209,
       35.59295506711133
      ],
      [
       51.45469375898716,
       35.59155367779467
      ],
      [
       51.45539202146259,
       35.59101056851709
      ],
      [
       51.45671687620617,
       35.58885436714441
      ],
      [
       51.45727192710523,
       35.58760798843569
      ],
      [
       51.45746180197807,
       35.58885862718358
      ],
      [
       51.45777493032605,
       35.58968264179407
      ],
      [
       51.45802309990934,
       35.59084555826066
      ],
      [
       51.45722837476943,
       35.59232168051391
      ],
      [
       51.45642361943556,
       35.5934986340954
      ],
      [
       51.45551124533849,
       35.59560575210291
      ],
      [
       51.453526743011,
       35.59751877882789
      ],
      [
       51.45192215027686,
       35.59875839583752
      ],
      [
       51.45012769322796,
       35.60006502061057
      ],
      [
       51.44855715880371,
       35.60125441380546
      ],
      [
       51.44704344636657,
       35.60340804320772
      ],
      [
       51.44653281939743,
       35.60379881418127
      ]
     ]
    ]
   }
  },
  {
   "type": "Feature",
   "properties": {
    "key": "48",
    "title": "اقدسیه",
    "subtitle": "موحد دانش، گلستان شمالی، گلستان جنوبی، منجیل، عزت‌الله انتظامی، فیروزبخش، صاحبقرانیه",
    "search_keywords": "موحد دانش، گلستان شمالی، گلستان جنوبی، منجیل، عزت‌الله انتظامی، فیروزبخش، صاحبقرانیه اقدسیه، اقدسیه شهرری، غلامی، قلعه گبری - میثم شمالی، بسیج مستضعفین، فدائیان اسلام، معلم، زکریای رازی، بوستان زکریای رازی، بوستان غدیر، اقدسیه",
    "district": "منطقه 20",
    "source": "curated-polygon",
    "area_sqkm": 0.576
   },
   "geometry": {
    "type": "Polygon",
    "coordinates": [
     [
      [
       51.4396329267795,
       35.59710449798389
      ],
      [
       51.43912923309035,
       35.59621023223387
      ],
      [
       51.43826097573697,
       35.59497568271618
      ],
      [
       51.43762809474552,
       35.5938625278306
      ],
      [
       51.43743474373813,
       35.59261499826705
      ],
      [
       51.43748082030626,
       35.59158937178204
      ],
      [
       51.43753939366116,
       35.5908622859663
      ],
      [
       51.44235920926053,
       35.59132964334654
      ],
      [
       51.4455066118586,
       35.59166175996447
      ],
      [
       51.4511923704576,
       35.59229428332163
      ],
      [
       51.45195143923404,
       35.59238319175007
      ],
      [
       51.45252939322446,
       35.59232626369395
      ],
      [
       51.45274897280352,
       35.59291458205559
      ],
      [
       51.44970288380574,
       35.59439351465974
      ],
      [
       51.44667630673406,
       35.59550415753202
      ],
      [
       51.44438065830073,
       35.59624808706785
      ],
      [
       51.4423524190937,
       35.59635365845317
      ],
      [
       51.43989859858132,
       35.59707250665069
      ],
      [
       51.4396329267795,
       35.59710449798389
      ]
     ]
    ]
   }
  },
  {
   "type": "Feature",
   "properties": {
    "key": "ga12cdbf",
    "title": "نفر آباد و هاشم آباد",
    "subtitle": "سلمان فارسی، آوینی، امام هادی، زهره وند",
    "search_keywords": "سلمان فارسی، آوینی، امام هادی، زهره وند، نفر آباد و هاشم آباد",
    "district": null,
    "source": "curated-polygon",
    "area_sqkm": 0.589
   },
   "geometry": {
    "type": "Polygon",
    "coordinates": [
     [
      [
       51.4367151370997,
       35.58045143543031
      ],
      [
       51.43575749583033,
       35.58078521389852
      ],
      [
       51.43396764711023,
       35.58153543350338
      ],
      [
       51.4316253424275,
       35.58235991550299
      ],
      [
       51.43001752531186,
       35.58266349396673
      ],
      [
       51.42784542708979,
       35.58258065942798
      ],
      [
       51.42728699109775,
       35.58241863045102
      ],
      [
       51.4270600445103,
       35.58213747774559
      ],
      [
       51.42717809811509,
       35.58176940603027
      ],
      [
       51.4277738013141,
       35.5809889501916
      ],
      [
       51.42993337169193,
       35.57915144561791
      ],
      [
       51.43146753458813,
       35.5780467915837
      ],
      [
       51.43291150189066,
       35.57745860184497
      ],
      [
       51.4345843889155,
       35.57729879563984
      ],
      [
       51.43735443749022,
       35.57718963511892
      ],
      [
       51.43906417725547,
       35.5776042728066
      ],
      [
       51.44222665638078,
       35.5789553018692
      ],
      [
       51.44468906060602,
       35.58000913510461
      ],
      [
       51.44632588688564,
       35.58104857758575
      ],
      [
       51.44323614461996,
       35.58114948963308
      ],
      [
       51.44194317456966,
       35.58121573988906
      ],
      [
       51.43839407723241,
       35.58234895973224
      ],
      [
       51.43716592229447,
       35.58036381643531
      ],
      [
       51.4367151370997,
       35.58045143543031
      ]
     ]
    ]
   }
  },
  {
   "type": "Feature",
   "properties": {
    "key": "910",
    "title": "شهرک پاسداران",
    "subtitle": "پاسداران",
    "search_keywords": "پاسداران شهرک پاسداران، نفت شمالی، شاهد، حبیب الله اسدی، لاله، شهدای کمیته، بوستان گلریز (شهدای گمنام)، شهرک پاسداران",
    "district": "منطقه 21",
    "source": "curated-polygon",
    "area_sqkm": 0.404
   },
   "geometry": {
    "type": "Polygon",
    "coordinates": [
     [
      [
       51.26611866776806,
       35.69791805696467
      ],
      [
       51.26046753228103,
       35.69903158141039
      ],
      [
       51.25923662601308,
       35.69496837002463
      ],
      [
       51.25849936306938,
       35.6922647074995
      ],
      [
       51.26426560512658,
       35.69134843800849
      ],
      [
       51.265028610022,
       35.69408410146589
      ],
      [
       51.26611866776806,
       35.69791805696467
      ]
     ]
    ]
   }
  },
  {
   "type": "Feature",
   "properties": {
    "key": "179",
    "title": "شهرک دریا",
    "subtitle": "دریا",
    "search_keywords": "دریا شهرک دریا، چهل و پنج متری خزر، کنارگذر شهید متوسلیان، کنارگذر آزادگان، متوسلیان، آزادگان، آیت اله مهدوی کنی، شهرک دریا",
    "district": "منطقه 21",
    "source": "curated-polygon",
    "area_sqkm": 0.26
   },
   "geometry": {
    "type": "Polygon",
    "coordinates": [
     [
      [
       51.2399013735653,
       35.69012549948259
      ],
      [
       51.23893434007189,
       35.68935434286833
      ],
      [
       51.23753082672363,
       35.68822615279151
      ],
      [
       51.23651033484317,
       35.68730489111909
      ],
      [
       51.23500840264694,
       35.68590969561276
      ],
      [
       51.23437138803408,
       35.68514785980228
      ],
      [
       51.23366315228551,
       35.684023966909
      ],
      [
       51.23342033954929,
       35.68362698605048
      ],
      [
       51.23450407815553,
       35.68325710518764
      ],
      [
       51.23542732059581,
       35.68293941572505
      ],
      [
       51.23647374580845,
       35.68260935703069
      ],
      [
       51.23729177846728,
       35.68226771685454
      ],
      [
       51.23838088737951,
       35.68208976808382
      ],
      [
       51.24041204250657,
       35.69059858479635
      ],
      [
       51.2399013735653,
       35.69012549948259
      ]
     ]
    ]
   }
  },
  {
   "type": "Feature",
   "properties": {
    "key": "175",
    "title": "شهرک استقلال",
    "subtitle": "استقلال، لشگری، تهران-کرج، فتح، سپاه اسلام",
    "search_keywords": "استقلال، لشگری، تهران-کرج، فتح، سپاه اسلام شهرک استقلال، عباس شفیعی، شانزدهم، دوم، نخ زرین، غلامرضا عاشری، جهاد جنوبی، پایانه استقلال، مجتمع علوم و فنون هوا فضا سپاه، اقاقیا، بوستان نسترن، شهرک استقلال",
    "district": "منطقه 21",
    "source": "curated-polygon",
    "area_sqkm": 11.79
   },
   "geometry": {
    "type": "Polygon",
    "coordinates": [
     [
      [
       51.23333408898572,
       35.68357821572929
      ],
      [
       51.23467208915856,
       35.68568349953624
      ],
      [
       51.23782053910901,
       35.68853569847222
      ],
      [
       51.23983462470769,
       35.6901047730773
      ],
      [
       51.24106862091293,
       35.69130237650324
      ],
      [
       51.24294663026274,
       35.69296093876368
      ],
      [
       51.24444988404738,
       35.69428347184488
      ],
      [
       51.2464760354616,
       35.69622101083839
      ],
      [
       51.2479725572878,
       35.69781882062156
      ],
      [
       51.24805115696499,
       35.69789780136072
      ],
      [
       51.24997026560565,
       35.70082766844845
      ],
      [
       51.25125186444254,
       35.70381073094619
      ],
      [
       51.25251234022743,
       35.70770178495763
      ],
      [
       51.25281352284024,
       35.70932815063611
      ],
      [
       51.25287154891142,
       35.7108940387237
      ],
      [
       51.25234149510484,
       35.71449377978455
      ],
      [
       51.24891018507703,
       35.7146541055214
      ],
      [
       51.2457045606145,
       35.71505301427013
      ],
      [
       51.24368474009338,
       35.71545639349591
      ],
      [
       51.24142087050159,
       35.71592066627202
      ],
      [
       51.23909181368134,
       35.71638403217021
      ],
      [
       51.23539784015975,
       35.71712043820963
      ],
      [
       51.2327524409055,
       35.71747398416542
      ],
      [
       51.23149894760874,
       35.7176248758347
      ],
      [
       51.22524405713272,
       35.71793017810828
      ],
      [
       51.2207847423822,
       35.71834463230884
      ],
      [
       51.21874874061801,
       35.71854072061103
      ],
      [
       51.21499592452535,
       35.71905771691785
      ],
      [
       51.21465913264893,
       35.71898904707976
      ],
      [
       51.21428708418384,
       35.71829215990564
      ],
      [
       51.21379227908502,
       35.7178069488112
      ],
      [
       51.21246588779951,
       35.71667598198863
      ],
      [
       51.21189432200048,
       35.71607253306943
      ],
      [
       51.21171984997155,
       35.71565693989604
      ],
      [
       51.21373765714874,
       35.71510211381898
      ],
      [
       51.20218245634382,
       35.69592649896052
      ],
      [
       51.21931525655757,
       35.68898686145001
      ],
      [
       51.22314600667705,
       35.6873979098833
      ],
      [
       51.22739879489609,
       35.68567845627382
      ],
      [
       51.23333408898572,
       35.68357821572929
      ]
     ]
    ]
   }
  },
  {
   "type": "Feature",
   "properties": {
    "key": "4136",
    "title": "چیتگرشمالی",
    "subtitle": "چیتگر جنوبی، انقلاب، پنجاه و دوم، زامیاد، ایران خودرو",
    "search_keywords": "چیتگر جنوبی، انقلاب، پنجاه و دوم، زامیاد، ایران خودرو چیتگر شمالی، جهاد، چهل و هفتم، بدر، ایران خودرو، لشگری، کرج-تهران، بوستان یاس، بوستان مادر، چیتگرشمالی",
    "district": "منطقه 21",
    "source": "curated-polygon",
    "area_sqkm": 0.541
   },
   "geometry": {
    "type": "Polygon",
    "coordinates": [
     [
      [
       51.19067622562558,
       35.72707655413689
      ],
      [
       51.18447478768503,
       35.72957928831897
      ],
      [
       51.18385439563514,
       35.7274202215464
      ],
      [
       51.18280128028489,
       35.72326781087492
      ],
      [
       51.18216826774741,
       35.72096359220941
      ],
      [
       51.18841853717475,
       35.71984202525053
      ],
      [
       51.19044084213184,
       35.72616355643783
      ],
      [
       51.19067622562558,
       35.72707655413689
      ]
     ]
    ]
   }
  },
  {
   "type": "Feature",
   "properties": {
    "key": "gcd04389",
    "title": "گلستان غربی",
    "subtitle": "قائم چیتگر، شهرک نگین ساحل، ساحل، سبزوار، میلاد دوم",
    "search_keywords": "قائم چیتگر، شهرک نگین ساحل، ساحل، سبزوار، میلاد دوم، خرازی، قزوینی، رادمهر، دزفول، آکادا سنتر، برج تماس، مرکز تخصصی موبایل و کامپیوتر، اوست مال، گلستان غربی",
    "district": "منطقه 22",
    "source": "curated-polygon",
    "area_sqkm": 2.83
   },
   "geometry": {
    "type": "Polygon",
    "coordinates": [
     [
      [
       51.23951451158622,
       35.75922817952774
      ],
      [
       51.23318753697184,
       35.75806545444026
      ],
      [
       51.22719264955396,
       35.75713203320247
      ],
      [
       51.22409053732077,
       35.75669126561857
      ],
      [
       51.22411971043697,
       35.75670078030579
      ],
      [
       51.22412905732534,
       35.7567094927437
      ],
      [
       51.22160815743911,
       35.75658573977839
      ],
      [
       51.21936687440035,
       35.75676088135371
      ],
      [
       51.21438393390957,
       35.75744161165371
      ],
      [
       51.21275329640164,
       35.75755353925578
      ],
      [
       51.21179548740521,
       35.75743234566746
      ],
      [
       51.21126482496701,
       35.75719421727008
      ],
      [
       51.21067090547623,
       35.75658971148464
      ],
      [
       51.209567120689,
       35.75618797652707
      ],
      [
       51.20914980846505,
       35.7558078011323
      ],
      [
       51.20896051106219,
       35.75516044844976
      ],
      [
       51.20882885171734,
       35.75447034333737
      ],
      [
       51.2090219761062,
       35.75408732835027
      ],
      [
       51.20973303672417,
       35.75366255443395
      ],
      [
       51.20981798480806,
       35.75324034897372
      ],
      [
       51.20922577357824,
       35.75296622938932
      ],
      [
       51.20864451493978,
       35.7526767794219
      ],
      [
       51.20847536489061,
       35.75245247665969
      ],
      [
       51.21846429947048,
       35.75078558088031
      ],
      [
       51.22099608276551,
       35.75043375059337
      ],
      [
       51.22225868152046,
       35.74946107989913
      ],
      [
       51.22235927288439,
       35.74887859901957
      ],
      [
       51.22138621927267,
       35.74846124845375
      ],
      [
       51.22118693685428,
       35.7482168399498
      ],
      [
       51.22200548755896,
       35.74693063118014
      ],
      [
       51.22230778472852,
       35.74566353718576
      ],
      [
       51.22307674386996,
       35.74578686715046
      ],
      [
       51.22673243562539,
       35.74773829030479
      ],
      [
       51.22805918986954,
       35.74595331974845
      ],
      [
       51.24121108296496,
       35.74713874292613
      ],
      [
       51.23951451158622,
       35.75922817952774
      ]
     ]
    ]
   }
  },
  {
   "type": "Feature",
   "properties": {
    "key": "g8882673",
    "title": "دریاچه",
    "subtitle": "گلها، شهرک نگین، ورودی شرقی چیتگر، علیمرادی، آیت الله مجتبی تهرانی",
    "search_keywords": "گلها، شهرک نگین، ورودی شرقی چیتگر، علیمرادی، آیت الله مجتبی تهرانی، سلامت، پارالمپیک، دزفول، پایانه مترو ایران خودرو، ایستگاه مترو ایران خودرو، پایانه دریاچه، مرکز خرید بام لند، دانشگاه علوم و فنون هوافضای عاشورا، بوستان جنگلی چیتگر، دریاچه",
    "district": "منطقه 22",
    "source": "curated-polygon",
    "area_sqkm": 14.961
   },
   "geometry": {
    "type": "Polygon",
    "coordinates": [
     [
      [
       51.22804933935397,
       35.74588651955561
      ],
      [
       51.22674741509367,
       35.74770144340616
      ],
      [
       51.22308029212493,
       35.74576059664548
      ],
      [
       51.22228749854629,
       35.74563760268653
      ],
      [
       51.22199241965422,
       35.74692009878708
      ],
      [
       51.2211701509381,
       35.74823708956396
      ],
      [
       51.22137475268775,
       35.74848497178295
      ],
      [
       51.22233863057453,
       35.74888797780898
      ],
      [
       51.22224374458343,
       35.74945564637085
      ],
      [
       51.22099077082361,
       35.7504073051693
      ],
      [
       51.20841274965761,
       35.75242915444824
      ],
      [
       51.20862981595937,
       35.75271710737846
      ],
      [
       51.20979439263848,
       35.75326044033164
      ],
      [
       51.20971154404653,
       35.75363286520382
      ],
      [
       51.20900928170116,
       35.75406823799774
      ],
      [
       51.20880299828836,
       35.7544618143579
      ],
      [
       51.20912408364511,
       35.75580602489921
      ],
      [
       51.20952893785685,
       35.7561888793127
      ],
      [
       51.21064949439496,
       35.75660881076408
      ],
      [
       51.21124489016947,
       35.75721694960557
      ],
      [
       51.21178190481118,
       35.75746094422689
      ],
      [
       51.21278845418024,
       35.75760763300115
      ],
      [
       51.20736800312886,
       35.75820202938473
      ],
      [
       51.20238598311465,
       35.75813040270782
      ],
      [
       51.19680533011731,
       35.75758068333706
      ],
      [
       51.19465784887786,
       35.75699378505372
      ],
      [
       51.19662009991588,
       35.75442465060344
      ],
      [
       51.19270685318662,
       35.75018615495942
      ],
      [
       51.19385005856465,
       35.74634702681105
      ],
      [
       51.19388911223832,
       35.7459428381781
      ],
      [
       51.19337502961925,
       35.74494229984532
      ],
      [
       51.19323062971559,
       35.74433639407143
      ],
      [
       51.19400717962844,
       35.74079436018437
      ],
      [
       51.19439341804693,
       35.73792685909233
      ],
      [
       51.1927913182053,
       35.73460057466836
      ],
      [
       51.19072087293229,
       35.72704045947488
      ],
      [
       51.20061377653021,
       35.72317482619342
      ],
      [
       51.20532526157891,
       35.72151280337479
      ],
      [
       51.20886937717472,
       35.72047786471484
      ],
      [
       51.21479622571812,
       35.7191048039064
      ],
      [
       51.21897275811686,
       35.71853450003209
      ],
      [
       51.2253529991335,
       35.71795589221949
      ],
      [
       51.23151684612561,
       35.7176496704714
      ],
      [
       51.23545602930346,
       35.71714335181847
      ],
      [
       51.23831651202445,
       35.71656473181677
      ],
      [
       51.24117748922338,
       35.71599351899325
      ],
      [
       51.2418904348427,
       35.71791258217307
      ],
      [
       51.23905534599315,
       35.71942569179252
      ],
      [
       51.23872766338103,
       35.71986551982236
      ],
      [
       51.2389976313428,
       35.72054252090211
      ],
      [
       51.23884565830506,
       35.7210199400844
      ],
      [
       51.23882456107594,
       35.72223675682402
      ],
      [
       51.23852216048207,
       35.7228479749397
      ],
      [
       51.23869275826795,
       35.72339590788786
      ],
      [
       51.23793376942937,
       35.72447479286772
      ],
      [
       51.23780988770201,
       35.72624091639565
      ],
      [
       51.23694477124177,
       35.72644177997142
      ],
      [
       51.23608407756118,
       35.72701443873383
      ],
      [
       51.23663675041456,
       35.72878652831227
      ],
      [
       51.23775651241047,
       35.72864539768288
      ],
      [
       51.24012207130096,
       35.7331416532066
      ],
      [
       51.24231858826664,
       35.73777911277613
      ],
      [
       51.24172408440689,
       35.74307869814898
      ],
      [
       51.24125834504941,
       35.74710995979294
      ],
      [
       51.22804933935397,
       35.74588651955561
      ]
     ]
    ]
   }
  },
  {
   "type": "Feature",
   "properties": {
    "key": "g1cc0aa4",
    "title": "آزادشهر-پیکان شهر",
    "subtitle": "آزادشهر، شهرک خرازی، پیکان شهر، شهرک چیتگر، شهرک سرو آزاد",
    "search_keywords": "آزادشهر، شهرک خرازی، پیکان شهر، شهرک چیتگر، شهرک سرو آزاد، پژوهش، مصطفی اردستانی، جاده وریج واریش، گیاه شناسی، پارسا، باغ گیاه شناسی، بازار سنتی ایران مال، مرکز مطالعات اسلامی، سازمان تحقیقات، آموزش و ترویج کشاورزی، آزادشهر-پیکان شهر",
    "district": "منطقه 22",
    "source": "curated-polygon",
    "area_sqkm": 11.97
   },
   "geometry": {
    "type": "Polygon",
    "coordinates": [
     [
      [
       51.19357738142207,
       35.74223541795085
      ],
      [
       51.19317730348494,
       35.74426122025831
      ],
      [
       51.19334256880121,
       35.74509301424162
      ],
      [
       51.1938168509855,
       35.74595470745003
      ],
      [
       51.19381708537071,
       35.7462981223615
      ],
      [
       51.19264636503869,
       35.75016434983685
      ],
      [
       51.19657984676377,
       35.75443110000729
      ],
      [
       51.19457900455659,
       35.75702971416608
      ],
      [
       51.19387768551045,
       35.75849237697829
      ],
      [
       51.19265288241265,
       35.75995771223776
      ],
      [
       51.19048358636176,
       35.76214955637279
      ],
      [
       51.19016069823804,
       35.76267236944798
      ],
      [
       51.18994954521196,
       35.76336498305091
      ],
      [
       51.18736601671712,
       35.76525976665754
      ],
      [
       51.18455862562936,
       35.76647755007414
      ],
      [
       51.18187832183271,
       35.76774720288615
      ],
      [
       51.17846191588722,
       35.76804860512964
      ],
      [
       51.17587764285882,
       35.76828702564649
      ],
      [
       51.17236534347258,
       35.76774822090776
      ],
      [
       51.16858072395129,
       35.76656445954725
      ],
      [
       51.16552573795637,
       35.7648859856188
      ],
      [
       51.16286277783851,
       35.76407839865004
      ],
      [
       51.16035074468756,
       35.76347393170055
      ],
      [
       51.15982252657735,
       35.76323768342627
      ],
      [
       51.1592904962219,
       35.76253147184887
      ],
      [
       51.15897205185844,
       35.76132878892289
      ],
      [
       51.15340387091597,
       35.7419526813863
      ],
      [
       51.19069031309068,
       35.72711497051668
      ],
      [
       51.19158573946312,
       35.73075904159172
      ],
      [
       51.19263912544314,
       35.7345728822485
      ],
      [
       51.19430516693203,
       35.73798796269821
      ],
      [
       51.19395310552711,
       35.74024479886548
      ],
      [
       51.19357738142207,
       35.74223541795085
      ]
     ]
    ]
   }
  },
  {
   "type": "Feature",
   "properties": {
    "key": "gd7ab1dc",
    "title": "شهرک دانشگاه صنعتی شریف",
    "subtitle": "مروارید شهر، شهرک دانشگاه شریف، همراه شهر، آتی شهر، البرز",
    "search_keywords": "مروارید شهر، شهرک دانشگاه شریف، همراه شهر، آتی شهر، البرز، دانش سوم، دانش، خرازی، تهران، همدان، ایستگاه مترو وردآورد، پایانه مترو وردآورد، بوستان غدیر خم، پارک اردستانی، بوستان کودک، شهرک دانشگاه صنعتی شریف",
    "district": "منطقه 22",
    "source": "curated-polygon",
    "area_sqkm": 6.823
   },
   "geometry": {
    "type": "Polygon",
    "coordinates": [
     [
      [
       51.10776129420115,
       35.74768279210847
      ],
      [
       51.10950936601185,
       35.74841915183876
      ],
      [
       51.11096599667517,
       35.74947447018503
      ],
      [
       51.11347137399825,
       35.75161443375281
      ],
      [
       51.11529691805728,
       35.75295846118137
      ],
      [
       51.1172766581103,
       35.75375606505554
      ],
      [
       51.11908503806107,
       35.75403230467853
      ],
      [
       51.12140561749379,
       35.75382652036568
      ],
      [
       51.12374434455008,
       35.75339733676156
      ],
      [
       51.12590225222701,
       35.75347832627327
      ],
      [
       51.13076141956969,
       35.75463503468654
      ],
      [
       51.1365203481916,
       35.75602726923551
      ],
      [
       51.14467397105845,
       35.75796543477205
      ],
      [
       51.15385309595126,
       35.76097191921622
      ],
      [
       51.15388105317733,
       35.76097196247621
      ],
      [
       51.15677105032287,
       35.76163383575468
      ],
      [
       51.15904272923561,
       35.76179815425885
      ],
      [
       51.15338599097289,
       35.74197118852805
      ],
      [
       51.1522022576286,
       35.74244140679198
      ],
      [
       51.14948624732313,
       35.7433358783878
      ],
      [
       51.14588575154528,
       35.7442042816104
      ],
      [
       51.1450898235813,
       35.74432359299025
      ],
      [
       51.14149509885344,
       35.74476630407961
      ],
      [
       51.13595388503116,
       35.7448334466534
      ],
      [
       51.13240530647754,
       35.7444469654543
      ],
      [
       51.12735887989849,
       35.74334701191538
      ],
      [
       51.12336831499259,
       35.7424301318841
      ],
      [
       51.11969989003217,
       35.74194415220659
      ],
      [
       51.1163727546253,
       35.74190219255456
      ],
      [
       51.11317156945113,
       35.74224846722252
      ],
      [
       51.10468329075184,
       35.74318864900688
      ],
      [
       51.10106160056917,
       35.74358278932359
      ],
      [
       51.09774496303638,
       35.7439978563233
      ],
      [
       51.0948035850458,
       35.74447104370136
      ],
      [
       51.0910864081592,
       35.74533363761734
      ],
      [
       51.08905059680956,
       35.74601086336377
      ],
      [
       51.08536827928832,
       35.74758251535121
      ],
      [
       51.0874665501843,
       35.75115579072174
      ],
      [
       51.09603707034201,
       35.74831617662718
      ],
      [
       51.09930522227992,
       35.74769741066604
      ],
      [
       51.10570576989669,
       35.74746292916448
      ],
      [
       51.10776594433074,
       35.74770906011316
      ],
      [
       51.10776129420115,
       35.74768279210847
      ]
     ]
    ]
   }
  },
  {
   "type": "Feature",
   "properties": {
    "key": "271",
    "title": "شهرک امیر المومنین",
    "subtitle": "امیرالمومنین",
    "search_keywords": "امیرالمومنین شهرک امیرالمومنین، هجرت، شوشتری، ورزشگاه تختی، شهرک امیر المومنین",
    "district": null,
    "source": "uncovered-land",
    "area_sqkm": 2.252
   },
   "geometry": {
    "type": "Polygon",
    "coordinates": [
     [
      [
       51.5085315782652,
       35.65894755634791
      ],
      [
       51.50851364471759,
       35.65896614166084
      ],
      [
       51.50849002502457,
       35.658996405088615
      ],
      [
       51.50847023415579,
       35.65902842833181
      ],
      [
       51.50845446889349,
       35.65906189298061
      ],
      [
       51.50844288599302,
       35.659096466293214
      ],
      [
       51.50843560062413,
       35.65913180450426
      ],
      [
       51.50843268522585,
       35.659167556242956
      ],
      [
       51.50843416878623,
       35.65920336602675
      ],
      [
       51.50844003655411,
       35.65923887779595
      ],
      [
       51.50845023018578,
       35.65927373845406
      ],
      [
       51.508464648325095,
       35.659307601378615
      ],
      [
       51.508483147611294,
       35.659340129867715
      ],
      [
       51.50848486460793,
       35.6593427916597
      ],
      [
       51.50849431366604,
       35.6593594611666
      ],
      [
       51.5084985047781,
       35.65936797552655
      ],
      [
       51.508505809222704,
       35.659385341223334
      ],
      [
       51.508508908238674,
       35.65939415852371
      ],
      [
       51.508513991764545,
       35.65941203900118
      ],
      [
       51.508515966310824,
       35.65942106713286
      ],
      [
       51.50851877581337,
       35.65943927560422
      ],
      [
       51.508520020870236,
       35.65945300230912
      ],
      [
       51.50852056301898,
       35.65946217467914
      ],
      [
       51.508933404987225,
       35.674426912760666
      ],
      [
       51.50893342230536,
       35.67443427370868
      ],
      [
       51.50893300139682,
       35.6744526698468
      ],
      [
       51.5089334456633,
       35.67445267655037
      ],
      [
       51.508933172609105,
       35.67447495246833
      ],
      [
       51.50893708356505,
       35.67451044301361
      ],
      [
       51.50894530377144,
       35.674545444495045
      ],
      [
       51.508957752393435,
       35.67457961271943
      ],
      [
       51.50897430701533,
       35.674612611687515
      ],
      [
       51.50899480484433,
       35.67464411689817
      ],
      [
       51.50901904431144,
       35.67467381853937
      ],
      [
       51.509046787053606,
       35.6747014245348
      ],
      [
       51.509077760257696,
       35.67472666341608
      ],
      [
       51.509111659343276,
       35.67474928699222
      ],
      [
       51.509148150957735,
       35.674769072790305
      ],
      [
       51.50918687625437,
       35.67478582624324
      ],
      [
       51.50922745442118,
       35.67479938260298
      ],
      [
       51.50926948642563,
       35.67480960856069
      ],
      [
       51.50931255893863,
       35.67481640355763
      ],
      [
       51.509356248399065,
       35.67481970077399
      ],
      [
       51.50940012517894,
       35.674819467786016
      ],
      [
       51.50944375780825,
       35.674815706884836
      ],
      [
       51.50948671721787,
       35.67480845505394
      ],
      [
       51.509528580958886,
       35.67479778360548
      ],
      [
       51.509568937356875,
       35.67478379747901
      ],
      [
       51.513546913902175,
       35.673211487293685
      ],
      [
       51.51355683478742,
       35.673207808844246
      ],
      [
       51.513571868417806,
       35.673202594460726
      ],
      [
       51.51359230983297,
       35.67319645303205
      ],
      [
       51.51360269816684,
       35.673193796764295
      ],
      [
       51.51362378485031,
       35.673189319574966
      ],
      [
       51.51363444475638,
       35.673187506815836
      ],
      [
       51.51365597180058,
       35.67318473737246
      ],
      [
       51.51366679969236,
       35.67318378573724
      ],
      [
       51.51367203396629,
       35.673183536803634
      ],
      [
       51.51371441357676,
       35.67317985138502
      ],
      [
       51.513756159925364,
       35.67317287175238
      ],
      [
       51.51379688565456,
       35.67316266266859
      ],
      [
       51.51383621287691,
       35.67314931886206
      ],
      [
       51.51387377668155,
       35.67313296414781
      ],
      [
       51.51390922852004,
       35.67311375027857
      ],
      [
       51.51394223944056,
       35.6730918555367
      ],
      [
       51.51397250314014,
       35.67306748307993
      ],
      [
       51.51399451881639,
       35.67304596181922
      ],
      [
       51.51399714344113,
       35.673043645995605
      ],
      [
       51.51400650605577,
       35.67303919068938
      ],
      [
       51.5225369552634,
       35.669427603615596
      ],
      [
       51.52253744457723,
       35.66942739613655
      ],
      [
       51.52292276224676,
       35.66926376510931
      ],
      [
       51.522960380064795,
       35.66924581897291
      ],
      [
       51.52299563867109,
       35.66922495156403
      ],
      [
       51.52302819526873,
       35.66920136576316
      ],
      [
       51.52305773333073,
       35.66917529087994
      ],
      [
       51.5230839656774,
       35.66914698042382
      ],
      [
       51.52310663726839,
       35.669116709639255
      ],
      [
       51.52312552768232,
       35.669084772829734
      ],
      [
       51.523140453259764,
       35.66905148049646
      ],
      [
       51.52315126888887,
       35.66901715631949
      ],
      [
       51.523157869416195,
       35.66898213401087
      ],
      [
       51.523160190669024,
       35.66894675407012
      ],
      [
       51.5231582100793,
       35.66891136047379
      ],
      [
       51.52315194690304,
       35.6688762973312
      ],
      [
       51.523141462033095,
       35.66884190553887
      ],
      [
       51.52285384129426,
       35.66806491425555
      ],
      [
       51.522840160605064,
       35.66803336448273
      ],
      [
       51.522822926610495,
       35.66800298447649
      ],
      [
       51.522802288648954,
       35.667974037489884
      ],
      [
       51.52277842555538,
       35.66794677435836
      ],
      [
       51.52275154411155,
       35.66792143132619
      ],
      [
       51.522721877254284,
       35.667898227999345
      ],
      [
       51.52247353565973,
       35.66772132809039
      ],
      [
       51.52244618374239,
       35.66770335572504
      ],
      [
       51.52130829830802,
       35.667014617512926
      ],
      [
       51.52130124783764,
       35.667009971812206
      ],
      [
       51.52129525197689,
       35.66700446826848
      ],
      [
       51.520317309813066,
       35.66602929788121
      ],
      [
       51.52030920915353,
       35.666020703842996
      ],
      [
       51.519446640509265,
       35.665046112012824
      ],
      [
       51.519435543928196,
       35.665032273177026
      ],
      [
       51.51862992858901,
       35.66391873594792
      ],
      [
       51.518625555350184,
       35.66391206173303
      ],
      [
       51.5186218902835,
       35.66390511196792
      ],
      [
       51.51809924004967,
       35.66278581319425
      ],
      [
       51.51809741963181,
       35.662781769088774
      ],
      [
       51.51763303160225,
       35.66171047770134
      ],
      [
       51.517626804235434,
       35.66169347214508
      ],
      [
       51.517278763591534,
       35.660536647591776
      ],
      [
       51.51727391723498,
       35.66051470755697
      ],
      [
       51.516914080550286,
       35.6579928752678
      ],
      [
       51.51691067605202,
       35.657973599674364
      ],
      [
       51.516615242811824,
       35.656572251745295
      ],
      [
       51.51651400305031,
       35.65607251505851
      ],
      [
       51.516377372658134,
       35.6553985049019
      ],
      [
       51.51637549888943,
       35.65538991357374
      ],
      [
       51.51608627969411,
       35.65415157208651
      ],
      [
       51.51607834323996,
       35.65412370146074
      ],
      [
       51.51606770186472,
       35.65409643184582
      ],
      [
       51.51549719039964,
       35.65281409581633
      ],
      [
       51.51549141828664,
       35.652799098918685
      ],
      [
       51.515146451663576,
       35.65174252268653
      ],
      [
       51.515132507740496,
       35.65170726163879
      ],
      [
       51.514623129133824,
       35.650615874212114
      ],
      [
       51.51460187838672,
       35.650577341416856
      ],
      [
       51.51371323522778,
       35.64919069835987
      ],
      [
       51.51369276152552,
       35.649162056931324
      ],
      [
       51.51366912762769,
       35.6491350679066
      ],
      [
       51.513642534293844,
       35.649109960545566
      ],
      [
       51.51361320742263,
       35.64908694812419
      ],
      [
       51.513581396132885,
       35.64906622612285
      ],
      [
       51.51261118384773,
       35.64849182821342
      ],
      [
       51.512600852937695,
       35.648485323767744
      ],
      [
       51.51154461343016,
       35.64777875236404
      ],
      [
       51.51153569409627,
       35.647772941239275
      ],
      [
       51.51042317111119,
       35.64706710347487
      ],
      [
       51.51041588455769,
       35.64706205197277
      ],
      [
       51.51040916497491,
       35.64705650628551
      ],
      [
       51.51017447367596,
       35.646845204175456
      ],
      [
       51.51014413135555,
       35.646820423002
      ],
      [
       51.51011096821988,
       35.64679815263503
      ],
      [
       51.51007529795149,
       35.64677860372488
      ],
      [
       51.51003745794738,
       35.646761961180275
      ],
      [
       51.509997806127544,
       35.646748382419254
      ],
      [
       51.50995671754956,
       35.64673799588024
      ],
      [
       51.50991458086095,
       35.64673089980714
      ],
      [
       51.509871794623095,
       35.64672716132011
      ],
      [
       51.5098287635413,
       35.646726815780646
      ],
      [
       51.509785894636806,
       35.64672986645712
      ],
      [
       51.509743593396855,
       35.64673628449389
      ],
      [
       51.50970225993927,
       35.64674600918419
      ],
      [
       51.50966228522783,
       35.64675894854439
      ],
      [
       51.50962404737429,
       35.64677498018401
      ],
      [
       51.5095879080618,
       35.646793952463426
      ],
      [
       51.50955420912393,
       35.64681568592813
      ],
      [
       51.509523269311266,
       35.64683997500624
      ],
      [
       51.509495381276494,
       35.64686658995285
      ],
      [
       51.5094708088062,
       35.64689527902324
      ],
      [
       51.509449784325795,
       35.646925770854
      ],
      [
       51.509432506701074,
       35.64695777702982
      ],
      [
       51.50941913935716,
       35.64699099481155
      ],
      [
       51.50940980873274,
       35.64702510999974
      ],
      [
       51.509404603084064,
       35.64705979990655
      ],
      [
       51.509403571650175,
       35.64709473640804
      ],
      [
       51.50940672418718,
       35.64712958904777
      ],
      [
       51.509484857491415,
       35.64764721758479
      ],
      [
       51.509485799477744,
       35.64765477978814
      ],
      [
       51.50948691605597,
       35.647666138893655
      ],
      [
       51.509487614543005,
       35.64768132138661
      ],
      [
       51.509487544796606,
       35.647692716485295
      ],
      [
       51.509487300281144,
       35.6477003146872
      ],
      [
       51.50903238993085,
       35.65550732065541
      ],
      [
       51.50903200618395,
       35.655512388441366
      ],
      [
       51.509031062516385,
       35.65552251293001
      ],
      [
       51.50903050257215,
       35.65552756988552
      ],
      [
       51.50861140904539,
       35.658794254758696
      ],
      [
       51.508609958091974,
       35.65880331981507
      ],
      [
       51.50860735828963,
       35.658816857788466
      ],
      [
       51.508602765855834,
       35.65883474087467
      ],
      [
       51.508599914326105,
       35.65884357024991
      ],
      [
       51.50859310802073,
       35.658860981814335
      ],
      [
       51.50858916646465,
       35.658869530185875
      ],
      [
       51.50858021674639,
       35.658886289984515
      ],
      [
       51.508575225966815,
       35.658894468859856
      ],
      [
       51.508564225482885,
       35.658910403395744
      ],
      [
       51.508558237144236,
       35.65891812810741
      ],
      [
       51.50854529977133,
       35.6589330724267
      ],
      [
       51.50853143848395,
       35.658947467583786
      ],
      [
       51.5085315782652,
       35.65894755634791
      ]
     ]
    ]
   }
  },
  {
   "type": "Feature",
   "properties": {
    "key": "g9af33cd",
    "title": "قاسم آباد شیان",
    "subtitle": "شهرک امید، ده نارمک، مظفری نیا، گلستان، غلامعلی رشید",
    "search_keywords": "شهرک امید، ده نارمک، مظفری نیا، گلستان، غلامعلی رشید، کوهستان، مرکزی، استقلال، بوستان گلداد، بوستان شهید منتظری، بوستان آفتاب گردان، قاسم آباد شیان",
    "district": "منطقه 4",
    "source": "uncovered-land",
    "area_sqkm": 4.02
   },
   "geometry": {
    "type": "Polygon",
    "coordinates": [
     [
      [
       51.51297587230436,
       35.76981395505817
      ],
      [
       51.51296871834077,
       35.769846990880616
      ],
      [
       51.51296538889763,
       35.7698804244976
      ],
      [
       51.51296591298814,
       35.76991396456413
      ],
      [
       51.512970286045324,
       35.76994731880762
      ],
      [
       51.51297846996175,
       35.76998019657475
      ],
      [
       51.51299039342172,
       35.7700123113643
      ],
      [
       51.51300595252258,
       35.77004338332371
      ],
      [
       51.51302501168029,
       35.77007314168781
      ],
      [
       51.513047404810806,
       35.77010132713826
      ],
      [
       51.51305182723602,
       35.77010636111452
      ],
      [
       51.51305769866652,
       35.77011379253139
      ],
      [
       51.51306853332189,
       35.770129115879904
      ],
      [
       51.51307347686089,
       35.77013697997
      ],
      [
       51.513082404392655,
       35.77015309394202
      ],
      [
       51.51308835996284,
       35.770165432953256
      ],
      [
       51.51309208248588,
       35.77017374169144
      ],
      [
       51.51354291707368,
       35.77126270562965
      ],
      [
       51.51354537367082,
       35.77126902267184
      ],
      [
       51.51354999819972,
       35.77128172547379
      ],
      [
       51.51355216632811,
       35.77128811177369
      ],
      [
       51.513960317608415,
       35.77258306445952
      ],
      [
       51.513966338774665,
       35.772600355934514
      ],
      [
       51.5145381100627,
       35.774098252696675
      ],
      [
       51.51454783506802,
       35.774121004000165
      ],
      [
       51.514977836284665,
       35.775027686887846
      ],
      [
       51.51499602293614,
       35.775060915177995
      ],
      [
       51.515018251885465,
       35.775092480646855
      ],
      [
       51.51504429548808,
       35.775122060035464
      ],
      [
       51.51507388703392,
       35.775149350424094
      ],
      [
       51.515106723478766,
       35.77517407233448
      ],
      [
       51.51514246854771,
       35.77519597259187
      ],
      [
       51.51518075617888,
       35.775214826917804
      ],
      [
       51.51522119427228,
       35.77523044222693
      ],
      [
       51.51603766589406,
       35.77550550683568
      ],
      [
       51.51604619150282,
       35.77550855143953
      ],
      [
       51.516063076415776,
       35.77551492902671
      ],
      [
       51.51607143665608,
       35.77551826236362
      ],
      [
       51.51712075739977,
       35.77595914044762
      ],
      [
       51.51713898184794,
       35.77596637244998
      ],
      [
       51.51849417355758,
       35.77647324205119
      ],
      [
       51.51850382212142,
       35.77647708418845
      ],
      [
       51.51851810847025,
       35.77648312701572
      ],
      [
       51.51853665169702,
       35.77649192544142
      ],
      [
       51.51854564396386,
       35.77649668232006
      ],
      [
       51.518563048594885,
       35.776506900189126
      ],
      [
       51.51857143015235,
       35.776512343093614
      ],
      [
       51.518587531982035,
       35.77652388400462
      ],
      [
       51.518595223753536,
       35.77652996158337
      ],
      [
       51.518609870867685,
       35.77654271665253
      ],
      [
       51.5186168002845,
       35.77654937156607
      ],
      [
       51.518629854493554,
       35.77656322045449
      ],
      [
       51.518639012883,
       35.77657398153357
      ],
      [
       51.51864490615042,
       35.77658127893107
      ],
      [
       51.519649843770964,
       35.77789412051214
      ],
      [
       51.51967531451449,
       35.77792392606711
      ],
      [
       51.51970435642961,
       35.77795149393839
      ],
      [
       51.51973667345731,
       35.77797654309366
      ],
      [
       51.51977193615146,
       35.77799881817689
      ],
      [
       51.5198097850372,
       35.7780180921115
      ],
      [
       51.51984983427552,
       35.7780341684152
      ],
      [
       51.5198916755966,
       35.77804688320299
      ],
      [
       51.51993488246177,
       35.778056106857804
      ],
      [
       51.51997901441173,
       35.77806174535189
      ],
      [
       51.52002362155668,
       35.77806374120533
      ],
      [
       51.52006824916261,
       35.77806207407201
      ],
      [
       51.5201124422869,
       35.778056760947
      ],
      [
       51.52015575041613,
       35.77804785599336
      ],
      [
       51.5201977320587,
       35.77803544998992
      ],
      [
       51.52020165317566,
       35.77803410557343
      ],
      [
       51.52021129458277,
       35.77803122097255
      ],
      [
       51.52023089745465,
       35.77802618333743
      ],
      [
       51.520240827121306,
       35.77802403847482
      ],
      [
       51.52026092145156,
       35.77802050129595
      ],
      [
       51.52027612847114,
       35.7780184202078
      ],
      [
       51.52028630989412,
       35.778017223876425
      ],
      [
       51.52710365891349,
       35.7773472005671
      ],
      [
       51.52714197130933,
       35.777342041016155
      ],
      [
       51.527179579030445,
       35.77733417320457
      ],
      [
       51.52721619236545,
       35.7773236577421
      ],
      [
       51.52725152926322,
       35.77731057563471
      ],
      [
       51.52727083916721,
       35.77730257790587
      ],
      [
       51.52728089594467,
       35.777301909688134
      ],
      [
       51.52765491331726,
       35.77729166221273
      ],
      [
       51.52769315562186,
       35.7772892635986
      ],
      [
       51.53519333806741,
       35.776552129993085
      ],
      [
       51.53520426385575,
       35.77655127893595
      ],
      [
       51.535220674696625,
       35.776550333615134
      ],
      [
       51.53524260474477,
       35.77654995619046
      ],
      [
       51.535253561041095,
       35.77655020925586
      ],
      [
       51.53527542921949,
       35.77655159831945
      ],
      [
       51.53528630072042,
       35.77655273175264
      ],
      [
       51.53530789179563,
       35.7765558736329
      ],
      [
       51.535318571500476,
       35.776557876278275
      ],
      [
       51.53533967296641,
       35.77656274005185
      ],
      [
       51.535350055762166,
       35.77656559219874
      ],
      [
       51.53537045993161,
       35.77657212999485
      ],
      [
       51.535380443627574,
       35.77657580357155
      ],
      [
       51.535399949676346,
       35.77658395104315
      ],
      [
       51.535409436009864,
       35.77658840989317
      ],
      [
       51.53542785195333,
       35.77659808685032
      ],
      [
       51.53543674755695,
       35.776603287088264
      ],
      [
       51.535453892139664,
       35.77661439828733
      ],
      [
       51.53546210946008,
       35.77662028873084
      ],
      [
       51.53547781393971,
       35.77663272481193
      ],
      [
       51.53548527209949,
       35.77663924748542
      ],
      [
       51.53549938190764,
       35.77665288604875
      ],
      [
       51.535507023882595,
       35.776661064484564
      ],
      [
       51.535535801628576,
       35.776688830484524
      ],
      [
       51.53556788149913,
       35.77671409750053
      ],
      [
       51.53560293624454,
       35.77673660778144
      ],
      [
       51.53564060826812,
       35.776756131697795
      ],
      [
       51.5356805132741,
       35.77677247008434
      ],
      [
       51.53572224418785,
       35.77678545627168
      ],
      [
       51.53576537530848,
       35.77679495778654
      ],
      [
       51.535809466651465,
       35.77680087770309
      ],
      [
       51.53585406843696,
       35.77680315563171
      ],
      [
       51.53589872567805,
       35.77680176833504
      ],
      [
       51.53594298282213,
       35.77679672996503
      ],
      [
       51.53647461525951,
       35.77671378904511
      ],
      [
       51.5365164512769,
       35.7767055299627
      ],
      [
       51.5365571008041,
       35.776694008044956
      ],
      [
       51.53659617896628,
       35.77667933238284
      ],
      [
       51.53663331576649,
       35.77666164192736
      ],
      [
       51.53666815958885,
       35.77664110417397
      ],
      [
       51.53670038052768,
       35.77661791357669
      ],
      [
       51.53672967351108,
       35.77659228970701
      ],
      [
       51.536755761189426,
       35.77656447517494
      ],
      [
       51.53677839656129,
       35.77653473333197
      ],
      [
       51.53679736531214,
       35.776503345777584
      ],
      [
       51.53681248784346,
       35.7764706096931
      ],
      [
       51.53682362097322,
       35.77643683502786
      ],
      [
       51.53683065929157,
       35.77640234156464
      ],
      [
       51.53683353615881,
       35.77636745589187
      ],
      [
       51.5368322243364,
       35.77633250831149
      ],
      [
       51.53682673624485,
       35.77629782971157
      ],
      [
       51.53681712384609,
       35.77626374843343
      ],
      [
       51.53495734547498,
       35.77088685722029
      ],
      [
       51.53495653638556,
       35.770884454150874
      ],
      [
       51.53495495932624,
       35.770879639161194
      ],
      [
       51.53495419134686,
       35.770877227212
      ],
      [
       51.534039955975906,
       35.76792153732543
      ],
      [
       51.534039296489944,
       35.767919374999025
      ],
      [
       51.53297331181906,
       35.76434843441993
      ],
      [
       51.532972369533894,
       35.76434533794884
      ],
      [
       51.53192788853388,
       35.76097729348454
      ],
      [
       51.53192710250421,
       35.760974676133706
      ],
      [
       51.53192557887279,
       35.76096943219157
      ],
      [
       51.53192484126032,
       35.76096680556341
      ],
      [
       51.53164758896021,
       35.759944204287244
      ],
      [
       51.531637001978886,
       35.7599122442987
      ],
      [
       51.53162283884215,
       35.759881210927205
      ],
      [
       51.53160521970503,
       35.759851367448896
      ],
      [
       51.53158429404204,
       35.75982296704529
      ],
      [
       51.53156023937912,
       35.759796250655334
      ],
      [
       51.53119184112589,
       35.75942433071824
      ],
      [
       51.53116583281005,
       35.75940034172891
      ],
      [
       51.531137302395344,
       35.75937832448983
      ],
      [
       51.53110647561761,
       35.759358453203866
      ],
      [
       51.53107359638178,
       35.759340885094865
      ],
      [
       51.53103892483207,
       35.75932575916369
      ],
      [
       51.529939293820625,
       35.758896062264725
      ],
      [
       51.52989702781272,
       35.758881684663855
      ],
      [
       51.529853157365906,
       35.758870934088506
      ],
      [
       51.52980815301505,
       35.75886392584456
      ],
      [
       51.52976249745676,
       35.75886073509932
      ],
      [
       51.528470978595,
       35.75882501682732
      ],
      [
       51.52845025883183,
       35.7588248380359
      ],
      [
       51.527265655725756,
       35.75883714427932
      ],
      [
       51.527259405144484,
       35.75883713749789
      ],
      [
       51.527246907024725,
       35.758836980536714
      ],
      [
       51.527240659174325,
       35.75883683035304
      ],
      [
       51.52384223096344,
       35.7587160973488
      ],
      [
       51.52383131857775,
       35.75871548985166
      ],
      [
       51.52381499440008,
       35.758714251121795
      ],
      [
       51.52379335708113,
       35.75871172788218
      ],
      [
       51.523777263305604,
       35.75870918618694
      ],
      [
       51.52376658136908,
       35.75870727545855
      ],
      [
       51.52284154961311,
       35.75852222419584
      ],
      [
       51.52283123416999,
       35.75851994454682
      ],
      [
       51.52281587774655,
       35.75851622496872
      ],
      [
       51.52279572247166,
       35.758510468241624
      ],
      [
       51.522785833636355,
       35.758507199747335
      ],
      [
       51.52276645665384,
       35.75849989012702
      ],
      [
       51.522757002450774,
       35.75849586180581
      ],
      [
       51.52273858469029,
       35.75848706754475
      ],
      [
       51.52272965339666,
       35.75848231701047
      ],
      [
       51.52271236683124,
       35.758472120223736
      ],
      [
       51.52270404184165,
       35.758466691833775
      ],
      [
       51.522688047882,
       35.75845518773233
      ],
      [
       51.52268040692977,
       35.75844913217346
      ],
      [
       51.52266585491705,
       35.7584364281751
      ],
      [
       51.52265896934843,
       35.75842980199018
      ],
      [
       51.52264599515987,
       35.75841601671658
      ],
      [
       51.5226399292678,
       35.75840888177661
      ],
      [
       51.522628654047914,
       35.75839414394567
      ],
      [
       51.52262086475064,
       35.75838277113278
      ],
      [
       51.52261589562377,
       35.75837508433015
      ],
      [
       51.52152444570971,
       35.75658275735019
      ],
      [
       51.52152015346928,
       35.756575281639776
      ],
      [
       51.52151403758737,
       35.75656395796235
      ],
      [
       51.52150674545095,
       35.75654857233222
      ],
      [
       51.52150193417836,
       35.75653684087907
      ],
      [
       51.52149894677675,
       35.75652895732119
      ],
      [
       51.52061830139594,
       35.75399983344228
      ],
      [
       51.52060462166235,
       35.75396676870451
      ],
      [
       51.52058705858319,
       35.75393493688969
      ],
      [
       51.52056577766172,
       35.753904637960545
      ],
      [
       51.52054097943577,
       35.75387615743487
      ],
      [
       51.520512897588,
       35.753849763694944
      ],
      [
       51.52048179674384,
       35.75382570545856
      ],
      [
       51.52044796997779,
       35.75380420943518
      ],
      [
       51.52041173605173,
       35.75378547818963
      ],
      [
       51.520373436411056,
       35.7537696882332
      ],
      [
       51.52033343196716,
       35.75375698836038
      ],
      [
       51.520292099696405,
       35.753747498246675
      ],
      [
       51.520249829087746,
       35.75374130732085
      ],
      [
       51.520207018472426,
       35.753738473922255
      ],
      [
       51.520164071270386,
       35.75373902475101
      ],
      [
       51.52012139218866,
       35.753742954616484
      ],
      [
       51.5200793834077,
       35.75375022648611
      ],
      [
       51.52003844079144,
       35.75376077183444
      ],
      [
       51.51715402950845,
       35.754630930259324
      ],
      [
       51.51712164681437,
       35.75464190468315
      ],
      [
       51.51709043679791,
       35.754654928424856
      ],
      [
       51.51642637067999,
       35.75495965266382
      ],
      [
       51.51642220885891,
       35.75496151482577
      ],
      [
       51.516413837048226,
       35.75496516607913
      ],
      [
       51.5164096269379,
       35.75496695522318
      ],
      [
       51.515054968274974,
       35.755527669638376
      ],
      [
       51.515009251369705,
       35.755549488849994
      ],
      [
       51.5144076162776,
       35.75587753265851
      ],
      [
       51.514399020690895,
       35.75588198948794
      ],
      [
       51.51438594908434,
       35.75588842760166
      ],
      [
       51.51436805239097,
       35.75589634993155
      ],
      [
       51.514354306297456,
       35.75590178321007
      ],
      [
       51.51434503610417,
       35.755905235026106
      ],
      [
       51.513635912202034,
       35.75615338034297
      ],
      [
       51.51362591306882,
       35.7561566471741
      ],
      [
       51.513610782303154,
       35.75616124604202
      ],
      [
       51.51359026511703,
       35.756166572295285
      ],
      [
       51.51357986514658,
       35.75616882512654
      ],
      [
       51.513558807126515,
       35.756172504853055
      ],
      [
       51.51354286603277,
       35.7561746367404
      ],
      [
       51.51352723515166,
       35.756176410686585
      ],
      [
       51.51348353271237,
       35.75618320501472
      ],
      [
       51.5134408915454,
       35.7561935294375
      ],
      [
       51.513399742872465,
       35.756207279546075
      ],
      [
       51.51336050282198,
       35.75622431628829
      ],
      [
       51.51332356822087,
       35.756244467374934
      ],
      [
       51.51328931258145,
       35.75626752902204
      ],
      [
       51.51325808232426,
       35.75629326801171
      ],
      [
       51.51323019327475,
       35.75632142405062
      ],
      [
       51.51320592746937,
       35.75635171240229
      ],
      [
       51.51318553030343,
       35.7563838267666
      ],
      [
       51.513169208049455,
       35.7564174423773
      ],
      [
       51.51315712577118,
       35.75645221928634
      ],
      [
       51.5131494056543,
       35.7564878058017
      ],
      [
       51.513146125770845,
       35.756523842043954
      ],
      [
       51.51314731928962,
       35.75655996358569
      ],
      [
       51.513152974140816,
       35.75659580513687
      ],
      [
       51.513163033138035,
       35.756631004238955
      ],
      [
       51.513177394556614,
       35.75666520493036
      ],
      [
       51.513195913162356,
       35.75669806134622
      ],
      [
       51.513218401680255,
       35.756729241216085
      ],
      [
       51.513508781394215,
       35.75708904781815
      ],
      [
       51.513513990271086,
       35.75709582624689
      ],
      [
       51.513521518864586,
       35.757106126534566
      ],
      [
       51.51353079466571,
       35.757120208571095
      ],
      [
       51.513535040333615,
       35.757127406538174
      ],
      [
       51.51354273880911,
       35.75714210213737
      ],
      [
       51.51354618019435,
       35.757149577965414
      ],
      [
       51.513552240455176,
       35.75716477089638
      ],
      [
       51.51355615738165,
       35.757176318931066
      ],
      [
       51.51355855857689,
       35.757184067348554
      ],
      [
       51.513909145059024,
       35.75843201511999
      ],
      [
       51.513909921399346,
       35.758434886733404
      ],
      [
       51.51391141609939,
       35.75844063984419
      ],
      [
       51.51391213447163,
       35.75844352138971
      ],
      [
       51.51408892208935,
       35.75918374655468
      ],
      [
       51.51409074826853,
       35.759192560828694
      ],
      [
       51.51409307995651,
       35.75920582390258
      ],
      [
       51.51409510172634,
       35.759223610774946
      ],
      [
       51.51409579909543,
       35.75923699635849
      ],
      [
       51.514095990618024,
       35.75924593316747
      ],
      [
       51.51408375636075,
       35.76057423507561
      ],
      [
       51.51408367648478,
       35.76057879036027
      ],
      [
       51.51404764475958,
       35.761779390200466
      ],
      [
       51.51404751611563,
       35.761786887766576
      ],
      [
       51.51404183961207,
       35.76310440395101
      ],
      [
       51.51404177267034,
       35.76310823912508
      ],
      [
       51.51404153798613,
       35.763115907329414
      ],
      [
       51.51404137024031,
       35.76311974046892
      ],
      [
       51.51397875551266,
       35.76421961200626
      ],
      [
       51.51397785936659,
       35.76422946733677
      ],
      [
       51.51397540126748,
       35.764249121200784
      ],
      [
       51.51397383908162,
       35.764258921595804
      ],
      [
       51.513821389598355,
       35.76504483874289
      ],
      [
       51.51357814745178,
       35.766259441419486
      ],
      [
       51.51357711881213,
       35.7662648361481
      ],
      [
       51.513372926816196,
       35.76739229808494
      ],
      [
       51.513372835200286,
       35.767392806473886
      ],
      [
       51.51314631704538,
       35.7686560892066
      ],
      [
       51.51314337438228,
       35.768676629889626
      ],
      [
       51.51305255551794,
       35.76952183412248
      ],
      [
       51.51305077851093,
       35.76953375464222
      ],
      [
       51.51304624832387,
       35.76955746930477
      ],
      [
       51.513043494509766,
       35.769569266766645
      ],
      [
       51.51297587230436,
       35.76981395505817
      ]
     ]
    ]
   }
  },
  {
   "type": "Feature",
   "properties": {
    "key": "gd67c850",
    "title": "شهرک نفت (البرز)",
    "subtitle": "شهرک صدف، شهرک خلبانان شکاری، شهرک خلبانان شکاری زون ۱۰، آبادان، نخل",
    "search_keywords": "شهرک صدف، شهرک خلبانان شکاری، شهرک خلبانان شکاری زون ۱۰، آبادان، نخل، پیروز شفیعی، جنت، پروفسور پروانه وثوق، خادم علیزاده، پایانه اتوبوس مینی ستی، بیمارستان محک ،کودکان سرطانی، خوابگاه دانشگاه صنعتی شریف، بیمارستان فوق تخصصی محک، شهرک نفت (البرز)",
    "district": "منطقه 1",
    "source": "uncovered-land",
    "area_sqkm": 2.026
   },
   "geometry": {
    "type": "Polygon",
    "coordinates": [
     [
      [
       51.49567453594534,
       35.81675494815612
      ],
      [
       51.495679103354654,
       35.81678898142741
      ],
      [
       51.495687638359165,
       35.81682250724516
      ],
      [
       51.49570006348314,
       35.81685522128186
      ],
      [
       51.49571626593868,
       35.81688682657885
      ],
      [
       51.49573609864949,
       35.81691703624197
      ],
      [
       51.49575938158595,
       35.81694557604577
      ],
      [
       51.495785903399366,
       35.81697218692282
      ],
      [
       51.4958154233404,
       35.81699662731533
      ],
      [
       51.49584767344454,
       35.81701867536791
      ],
      [
       51.495882360964416,
       35.817038130941384
      ],
      [
       51.49591917102727,
       35.81705481742958
      ],
      [
       51.49595776949315,
       35.81706858336243
      ],
      [
       51.49599780598804,
       35.81707930378096
      ],
      [
       51.496038917084356,
       35.817086881371544
      ],
      [
       51.496080729599896,
       35.81709124734932
      ],
      [
       51.49612286398542,
       35.81709236208251
      ],
      [
       51.49613349830823,
       35.81709181951285
      ],
      [
       51.49614968650595,
       35.81709158505773
      ],
      [
       51.49615970875038,
       35.8170929629049
      ],
      [
       51.496194622685564,
       35.817099112518484
      ],
      [
       51.49621023204159,
       35.81710234947327
      ],
      [
       51.49629019813902,
       35.8171214770423
      ],
      [
       51.496313976791086,
       35.81712658602652
      ],
      [
       51.496416254613685,
       35.81714610793456
      ],
      [
       51.49642864980541,
       35.8171487840264
      ],
      [
       51.49657133082697,
       35.81718321477484
      ],
      [
       51.496584335725274,
       35.8171867124458
      ],
      [
       51.49673157328532,
       35.81723046568921
      ],
      [
       51.49674113947464,
       35.817233514812486
      ],
      [
       51.4968107018124,
       35.81725721577936
      ],
      [
       51.49685450864033,
       35.8172699856197
      ],
      [
       51.49689972490789,
       35.81727894788191
      ],
      [
       51.49702456104993,
       35.8172981059037
      ],
      [
       51.49703601077287,
       35.81730035711865
      ],
      [
       51.497075338979876,
       35.81730993143481
      ],
      [
       51.49711683974504,
       35.81731660902471
      ],
      [
       51.497158936133495,
       35.81732003730769
      ],
      [
       51.497201243280486,
       35.81732018494079
      ],
      [
       51.49724337439439,
       35.81731705057429
      ],
      [
       51.497284944292964,
       35.81731066286402
      ],
      [
       51.49732557292487,
       35.8173010802094
      ],
      [
       51.49736488884425,
       35.81728839021951
      ],
      [
       51.49740253260669,
       35.81727270891214
      ],
      [
       51.4974381600554,
       35.81725417965311
      ],
      [
       51.497471445467674,
       35.81723297184551
      ],
      [
       51.49750208453279,
       35.81720927938099
      ],
      [
       51.497529797134156,
       35.817183318867066
      ],
      [
       51.4975543299103,
       35.81715532764685
      ],
      [
       51.497575458571156,
       35.817125561629084
      ],
      [
       51.49759298994868,
       35.81709429294855
      ],
      [
       51.49760676376287,
       35.817061807478076
      ],
      [
       51.497652315051894,
       35.81693497387879
      ],
      [
       51.497662096251624,
       35.816902032436005
      ],
      [
       51.49766801287359,
       35.81686848923573
      ],
      [
       51.49767001230032,
       35.81683464258306
      ],
      [
       51.497668076750585,
       35.81680079348174
      ],
      [
       51.497667594861554,
       35.81679662353531
      ],
      [
       51.497659874568825,
       35.8167555396394
      ],
      [
       51.4976564040465,
       35.816742271026264
      ],
      [
       51.497642410417804,
       35.81670102731111
      ],
      [
       51.49762248000187,
       35.8166614264911
      ],
      [
       51.49761931031751,
       35.81665606437091
      ],
      [
       51.497594241280865,
       35.81661932747593
      ],
      [
       51.49755108442274,
       35.816563982801384
      ],
      [
       51.49753719448999,
       35.81654327454526
      ],
      [
       51.49750994345055,
       35.81649540306689
      ],
      [
       51.497506295033155,
       35.816488184378954
      ],
      [
       51.49750343368723,
       35.81648073532548
      ],
      [
       51.497445656001226,
       35.81630351960696
      ],
      [
       51.4974437456965,
       35.8162965491607
      ],
      [
       51.497442524591534,
       35.81628947735836
      ],
      [
       51.497435363900316,
       35.816231215370784
      ],
      [
       51.497434369643685,
       35.816218756549475
      ],
      [
       51.49743198786991,
       35.81615420226728
      ],
      [
       51.49743224688591,
       35.816138606875775
      ],
      [
       51.49743602733068,
       35.8160847355378
      ],
      [
       51.49743680935176,
       35.81607803335992
      ],
      [
       51.49743820833278,
       35.816071397713884
      ],
      [
       51.49745834325724,
       35.815993581182056
      ],
      [
       51.49746155363458,
       35.81598390934844
      ],
      [
       51.49746733743046,
       35.81597506173861
      ],
      [
       51.497480029937286,
       35.81595802991322
      ],
      [
       51.49748455052963,
       35.81595244486801
      ],
      [
       51.497489570789575,
       35.81594714875411
      ],
      [
       51.497525689629,
       35.81591184910485
      ],
      [
       51.49753313438797,
       35.81590527551736
      ],
      [
       51.497543153818256,
       35.81590159328317
      ],
      [
       51.49767458656328,
       35.81585961738031
      ],
      [
       51.4977139177172,
       35.8158452208084
      ],
      [
       51.4977513354666,
       35.81582778214474
      ],
      [
       51.49778648409572,
       35.815807467171815
      ],
      [
       51.49781902946041,
       35.81578446901606
      ],
      [
       51.49784866216475,
       35.81575900631185
      ],
      [
       51.497875100502306,
       35.81573132112307
      ],
      [
       51.49789809313426,
       35.81570167664186
      ],
      [
       51.49791742147873,
       35.81567035468661
      ],
      [
       51.497932901788786,
       35.815637653022776
      ],
      [
       51.49794438689923,
       35.81560388253216
      ],
      [
       51.49795176762564,
       35.815569364257485
      ],
      [
       51.49795497380239,
       35.815534426350354
      ],
      [
       51.4979539749496,
       35.81549940095165
      ],
      [
       51.497948780562986,
       35.81546462103402
      ],
      [
       51.49793944002352,
       35.815430417236385
      ],
      [
       51.49792604212803,
       35.81539711472076
      ],
      [
       51.49788097833352,
       35.81530121500802
      ],
      [
       51.49787785166024,
       35.815293532076176
      ],
      [
       51.497877383159896,
       35.815285449389705
      ],
      [
       51.49787731605542,
       35.81525297082396
      ],
      [
       51.49787771258852,
       35.815245228485665
      ],
      [
       51.49787973962361,
       35.81523768595926
      ],
      [
       51.49788236340669,
       35.8152296047074
      ],
      [
       51.49788517816982,
       35.81522224105495
      ],
      [
       51.497890222615716,
       35.81521570906005
      ],
      [
       51.497924705813375,
       35.81517506814853
      ],
      [
       51.49792986133061,
       35.81516947207309
      ],
      [
       51.49793553792125,
       35.815164219098314
      ],
      [
       51.4979519703911,
       35.81515015832514
      ],
      [
       51.49795898600027,
       35.81514466312419
      ],
      [
       51.49796657137846,
       35.81513969211858
      ],
      [
       51.49813942874458,
       35.81503630590909
      ],
      [
       51.498148580021216,
       35.8150313835014
      ],
      [
       51.49815881799899,
       35.81502699748412
      ],
      [
       51.4981719518974,
       35.81502209174958
      ],
      [
       51.49820665216687,
       35.81500589813753
      ],
      [
       51.498239408679865,
       35.8149872245264
      ],
      [
       51.498286367839356,
       35.81495779259834
      ],
      [
       51.4983185107237,
       35.81493558212552
      ],
      [
       51.498347901651776,
       35.814910985778084
      ],
      [
       51.49837427323025,
       35.81488422732914
      ],
      [
       51.49839738553528,
       35.814855550222205
      ],
      [
       51.498469264519606,
       35.81475634044068
      ],
      [
       51.498475184801656,
       35.81474904366007
      ],
      [
       51.498484832212576,
       35.814744888306684
      ],
      [
       51.49861173888248,
       35.814696670697444
      ],
      [
       51.49862121466664,
       35.81469351290043
      ],
      [
       51.49862708677726,
       35.81470032808289
      ],
      [
       51.498664176833806,
       35.814748122993166
      ],
      [
       51.49868613624583,
       35.81477386132325
      ],
      [
       51.49871077157427,
       35.814797949397445
      ],
      [
       51.49873789574208,
       35.81482020429447
      ],
      [
       51.49879186452402,
       35.81486078514828
      ],
      [
       51.49882595138511,
       35.8148839457634
      ],
      [
       51.49886272738186,
       35.81490421257755
      ],
      [
       51.49893389620459,
       35.81493932825902
      ],
      [
       51.498970892863326,
       35.81495567795044
      ],
      [
       51.49900963623439,
       35.81496909681253
      ],
      [
       51.499049775241794,
       35.81497946324926
      ],
      [
       51.49909094616286,
       35.81498668332437
      ],
      [
       51.49941438632648,
       35.81503043843062
      ],
      [
       51.49945544196267,
       35.815034402187905
      ],
      [
       51.49973604758174,
       35.81505074465916
      ],
      [
       51.49974687135915,
       35.81505182750186
      ],
      [
       51.49975037051179,
       35.815060215506215
      ],
      [
       51.499887399771,
       35.815453629493284
      ],
      [
       51.49990226711686,
       35.815489126714915
      ],
      [
       51.4999216084381,
       35.81552317256954
      ],
      [
       51.49994521314211,
       35.815555396358306
      ],
      [
       51.499972824215625,
       35.81558544722144
      ],
      [
       51.50000414102312,
       35.81561299795844
      ],
      [
       51.50003882258022,
       35.81563774859076
      ],
      [
       51.50028821983215,
       35.8157978023827
      ],
      [
       51.500295437756385,
       35.81580233716775
      ],
      [
       51.50044085859937,
       35.81589176889079
      ],
      [
       51.50049206060436,
       35.815918949997226
      ],
      [
       51.500646056133775,
       35.815988867897076
      ],
      [
       51.50069381678453,
       35.81600759513353
      ],
      [
       51.50074399352231,
       35.81602154718874
      ],
      [
       51.50086626595,
       35.81604901957703
      ],
      [
       51.500880190452264,
       35.816052553556794
      ],
      [
       51.500949933410524,
       35.81607232683507
      ],
      [
       51.50097897722607,
       35.81607966202384
      ],
      [
       51.501323532386735,
       35.81615623965119
      ],
      [
       51.50138616199972,
       35.816166281757624
      ],
      [
       51.50154673994057,
       35.81618236764934
      ],
      [
       51.5015830607454,
       35.81618477817696
      ],
      [
       51.501619502629005,
       35.816184753346285
      ],
      [
       51.50181010162368,
       35.81617824392622
      ],
      [
       51.50183604380288,
       35.81617673664142
      ],
      [
       51.502095944195744,
       35.8161553853187
      ],
      [
       51.50210046000746,
       35.816155052265394
      ],
      [
       51.50233809003405,
       35.8161395186096
      ],
      [
       51.50240218046034,
       35.81613145676579
      ],
      [
       51.503122003491555,
       35.81599641842289
      ],
      [
       51.5031286182544,
       35.81599526373098
      ],
      [
       51.503341704131834,
       35.815960826541954
      ],
      [
       51.50337074830895,
       35.81595774004247
      ],
      [
       51.50361550950705,
       35.81594504177696
      ],
      [
       51.503670648623356,
       35.815939340131415
      ],
      [
       51.50382106314307,
       35.81591591130731
      ],
      [
       51.503874285529655,
       35.815904799571456
      ],
      [
       51.50420827311529,
       35.81581678693621
      ],
      [
       51.50424182490671,
       35.81580671074912
      ],
      [
       51.504627113881014,
       35.815676393720615
      ],
      [
       51.504660110414754,
       35.815663916236616
      ],
      [
       51.50469173244439,
       35.81564927855962
      ],
      [
       51.50482059086412,
       35.815583786161476
      ],
      [
       51.504854189912145,
       35.81556490189935
      ],
      [
       51.50488550051899,
       35.81554358111758
      ],
      [
       51.504914255664275,
       35.8155200056422
      ],
      [
       51.50505376572388,
       35.81539453342054
      ],
      [
       51.50507653351697,
       35.8153723224523
      ],
      [
       51.505191340005005,
       35.81525069095011
      ],
      [
       51.505220185263816,
       35.81521614627912
      ],
      [
       51.50532666840309,
       35.81507115346084
      ],
      [
       51.50533497915195,
       35.81506068076208
      ],
      [
       51.50554559560772,
       35.81481446967811
      ],
      [
       51.50556483987859,
       35.81478990576455
      ],
      [
       51.50558157217917,
       35.81476415728116
      ],
      [
       51.50558365462108,
       35.8147606117443
      ],
      [
       51.505600705129915,
       35.81472739601513
      ],
      [
       51.50561357896177,
       35.8146929618857
      ],
      [
       51.50562214699268,
       35.814657654728784
      ],
      [
       51.505625072975896,
       35.814641323177106
      ],
      [
       51.50562697360138,
       35.81463340067836
      ],
      [
       51.50563595349878,
       35.814636860271946
      ],
      [
       51.5062968539617,
       35.81492375137794
      ],
      [
       51.50630210670653,
       35.8149261064746
      ],
      [
       51.506861788798155,
       35.815185146846616
      ],
      [
       51.50686459924,
       35.81518646991028
      ],
      [
       51.50741209660109,
       35.815448593714045
      ],
      [
       51.50742063571897,
       35.81545314673549
      ],
      [
       51.507416113104306,
       35.815460585011486
      ],
      [
       51.50660748305738,
       35.816643078079025
      ],
      [
       51.506587867707616,
       35.81667550311075
      ],
      [
       51.50657236080642,
       35.81670936377011
      ],
      [
       51.50656111910239,
       35.81674431778299
      ],
      [
       51.50655425623018,
       35.81678001182333
      ],
      [
       51.50655184156184,
       35.816816085084625
      ],
      [
       51.50655389950559,
       35.8168521729271
      ],
      [
       51.5065604092591,
       35.816887910563565
      ],
      [
       51.50657130501975,
       35.816922936746856
      ],
      [
       51.50658647664977,
       35.81695689742138
      ],
      [
       51.506605770789626,
       35.816989449302035
      ],
      [
       51.5066289924081,
       35.817020263344254
      ],
      [
       51.506655906773844,
       35.81704902807009
      ],
      [
       51.506686241828035,
       35.81707545271671
      ],
      [
       51.506719690934496,
       35.81709927017555
      ],
      [
       51.50675591597921,
       35.81712023969229
      ],
      [
       51.50761215298495,
       35.817564933930036
      ],
      [
       51.50762162203477,
       35.81757045088926
      ],
      [
       51.50762742883349,
       35.817578656421794
      ],
      [
       51.50767201744992,
       35.8176502516425
      ],
      [
       51.50768312204286,
       35.81767132539359
      ],
      [
       51.50778394584677,
       35.81790246631973
      ],
      [
       51.507786691455635,
       35.81790917757551
      ],
      [
       51.50790629391343,
       35.818221976810335
      ],
      [
       51.50792266893094,
       35.81825791314693
      ],
      [
       51.50801368462531,
       35.81842901834646
      ],
      [
       51.50803342125592,
       35.81846151520757
      ],
      [
       51.50805708770397,
       35.818492232646584
      ],
      [
       51.508084443309926,
       35.818520858303785
      ],
      [
       51.508115209899906,
       35.81854710109039
      ],
      [
       51.508149074614394,
       35.81857069414856
      ],
      [
       51.50818569308964,
       35.818591397565044
      ],
      [
       51.50822469295943,
       35.81860900081079
      ],
      [
       51.50826567764162,
       35.818623324881784
      ],
      [
       51.508308230370865,
       35.81863422411932
      ],
      [
       51.508351918436695,
       35.818641587691154
      ],
      [
       51.50839629758358,
       35.81864534071854
      ],
      [
       51.50844091652855,
       35.81864544503767
      ],
      [
       51.50848532155015,
       35.81864189958773
      ],
      [
       51.50852906110228,
       35.818634740421736
      ],
      [
       51.50857169040588,
       35.81862404033985
      ],
      [
       51.508612775971784,
       35.81860990814915
      ],
      [
       51.50877025434945,
       35.81854795944415
      ],
      [
       51.50880752031625,
       35.81853146296896
      ],
      [
       51.50884266854077,
       35.818512142825874
      ],
      [
       51.50887537562175,
       35.81849017678086
      ],
      [
       51.508905340619066,
       35.81846576694504
      ],
      [
       51.508932287822695,
       35.818439137914986
      ],
      [
       51.508955969289545,
       35.81841053470627
      ],
      [
       51.5089761671248,
       35.818380220498995
      ],
      [
       51.508992695486775,
       35.81834847421629
      ],
      [
       51.50900540229685,
       35.818315587957905
      ],
      [
       51.50901417063881,
       35.818281864312596
      ],
      [
       51.50924025454832,
       35.81714497719048
      ],
      [
       51.50924246143421,
       35.817136551781644
      ],
      [
       51.50924675517144,
       35.817135576535634
      ],
      [
       51.50928088450742,
       35.81712926111113
      ],
      [
       51.509323029639205,
       35.81711774507697
      ],
      [
       51.509363538621336,
       35.81710285200999
      ],
      [
       51.50940200233108,
       35.81708473232353
      ],
      [
       51.50943803230205,
       35.817063569018394
      ],
      [
       51.50947126464755,
       35.81703957583455
      ],
      [
       51.509501363735644,
       35.8170129950925
      ],
      [
       51.50952802557891,
       35.81698409524593
      ],
      [
       51.50955098090458,
       35.816953168170464
      ],
      [
       51.50956999787406,
       35.816920526215824
      ],
      [
       51.5095848844244,
       35.81688649905125
      ],
      [
       51.50959549020805,
       35.81685143033599
      ],
      [
       51.50960170811132,
       35.816815674248495
      ],
      [
       51.50961579533959,
       35.81668893810801
      ],
      [
       51.50961756922165,
       35.816679110773734
      ],
      [
       51.50962067330225,
       35.81666950362221
      ],
      [
       51.50969470485286,
       35.81648318629967
      ],
      [
       51.50970124830664,
       35.816468840249804
      ],
      [
       51.50981107689987,
       35.816256313587516
      ],
      [
       51.509820584072884,
       35.8162362554073
      ],
      [
       51.509849615984436,
       35.816169076570155
      ],
      [
       51.50986221433998,
       35.8161344448121
      ],
      [
       51.509870468699006,
       35.81609896105455
      ],
      [
       51.509874295693876,
       35.81606298367746
      ],
      [
       51.509873656672596,
       35.81602687604625
      ],
      [
       51.50986855808917,
       35.815991002841905
      ],
      [
       51.50985905143842,
       35.81595572637771
      ],
      [
       51.50985885743502,
       35.815955147496126
      ],
      [
       51.50985923948487,
       35.815946232189894
      ],
      [
       51.509862870112215,
       35.815911576201565
      ],
      [
       51.50986690589461,
       35.81588734592997
      ],
      [
       51.5098706391429,
       35.815851489902286
      ],
      [
       51.509869937574145,
       35.815815510444416
      ],
      [
       51.509864808224165,
       35.815779768383464
      ],
      [
       51.509855302533666,
       35.81574462216573
      ],
      [
       51.50984151583233,
       35.81571042426201
      ],
      [
       51.50982358638282,
       35.81567751763272
      ],
      [
       51.509808555523364,
       35.81565328820042
      ],
      [
       51.509804157481206,
       35.815645223212435
      ],
      [
       51.5098050348198,
       35.815636431592495
      ],
      [
       51.50983032175535,
       35.815480136810024
      ],
      [
       51.509832338633004,
       35.81547123309171
      ],
      [
       51.509840314689995,
       35.81546490818928
      ],
      [
       51.509934328355655,
       35.815397646379694
      ],
      [
       51.509951339582,
       35.81538663406752
      ],
      [
       51.51013408638542,
       35.815279835166024
      ],
      [
       51.51014416383778,
       35.81527459945515
      ],
      [
       51.510155780517486,
       35.815272277561306
      ],
      [
       51.510157866077,
       35.81527195764222
      ],
      [
       51.5102003076142,
       35.81526366769952
      ],
      [
       51.5102415367511,
       35.81525202200006
      ],
      [
       51.510281152215356,
       35.815237133888374
      ],
      [
       51.510318768440065,
       35.81521914826654
      ],
      [
       51.51035401931639,
       35.81519824018388
      ],
      [
       51.51038656175683,
       35.81517461313328
      ],
      [
       51.51041607903436,
       35.8151484970706
      ],
      [
       51.510442283865075,
       35.815120146176625
      ],
      [
       51.510464921204246,
       35.815089836383144
      ],
      [
       51.51054024614508,
       35.81497675239124
      ],
      [
       51.510545591193846,
       35.814969174163494
      ],
      [
       51.51055394089822,
       35.81495797617893
      ],
      [
       51.51056595367223,
       35.814943503299624
      ],
      [
       51.51057238224916,
       35.814936516614935
      ],
      [
       51.51058606859735,
       35.81492305925934
      ],
      [
       51.51059330210694,
       35.81491661244417
      ],
      [
       51.510608532710215,
       35.81490429776769
      ],
      [
       51.51061650280475,
       35.81489845173648
      ],
      [
       51.51063313375273,
       35.81488739609759
      ],
      [
       51.51064176512464,
       35.81488220608813
      ],
      [
       51.51065963927539,
       35.81487251394895
      ],
      [
       51.51066885036889,
       35.81486802900041
      ],
      [
       51.510687798833764,
       35.8148597919397
      ],
      [
       51.51069750261538,
       35.814856054429306
      ],
      [
       51.510717346354795,
       35.81484935027712
      ],
      [
       51.51072745113578,
       35.81484639551972
      ],
      [
       51.5107480026509,
       35.81484128762202
      ],
      [
       51.51076079880909,
       35.81483865215029
      ],
      [
       51.510802039473376,
       35.81482839716169
      ],
      [
       51.51084185473755,
       35.81481493019554
      ],
      [
       51.51087986628906,
       35.81479837921086
      ],
      [
       51.51091571295367,
       35.814778901470106
      ],
      [
       51.510949054127245,
       35.814756682044845
      ],
      [
       51.510979573012065,
       35.81473193205732
      ],
      [
       51.511006979626956,
       35.81470488667441
      ],
      [
       51.511031013562565,
       35.81467580287313
      ],
      [
       51.51105144645574,
       35.81464495699895
      ],
      [
       51.51144461926374,
       35.81397507075528
      ],
      [
       51.51144936426637,
       35.81396745727668
      ],
      [
       51.51145680886353,
       35.81395618498659
      ],
      [
       51.51146760218208,
       35.813941555708205
      ],
      [
       51.51147341720653,
       35.81393446144972
      ],
      [
       51.51148587087205,
       35.8139207296927
      ],
      [
       51.511492488437625,
       35.8139141154326
      ],
      [
       51.51150649011083,
       35.813901405065344
      ],
      [
       51.51151385052326,
       35.8138953304681
      ],
      [
       51.511529273900955,
       35.81388375614548
      ],
      [
       51.51153731076504,
       35.81387827600748
      ],
      [
       51.51155401671942,
       35.813867942136596
      ],
      [
       51.51156265753801,
       35.81386310589186
      ],
      [
       51.51158049537168,
       35.81385410569021
      ],
      [
       51.51158966219957,
       35.81384995696447
      ],
      [
       51.51160847100494,
       35.81384237161909
      ],
      [
       51.51161808115204,
       35.813838947836246
      ],
      [
       51.51163769126279,
       35.81383284577135
      ],
      [
       51.51165265058052,
       35.81382884138836
      ],
      [
       51.511662705342324,
       35.8138263632752
      ],
      [
       51.51218617616968,
       35.81370829846814
      ],
      [
       51.51219612748035,
       35.81370625474763
      ],
      [
       51.5122111285825,
       35.813703472987
      ],
      [
       51.51223131948901,
       35.81370052161055
      ],
      [
       51.512241482892335,
       35.8136994284248
      ],
      [
       51.51226192372685,
       35.81369800941082
      ],
      [
       51.51227216814778,
       35.81369768587419
      ],
      [
       51.51229268295038,
       35.81369781143792
      ],
      [
       51.512302920202345,
       35.81369826033551
      ],
      [
       51.51232333237638,
       35.81369992939605
      ],
      [
       51.512333474334504,
       35.81370114686363
      ],
      [
       51.5123536081668,
       35.8137043450533
      ],
      [
       51.51236356752651,
       35.81370632061059
      ],
      [
       51.51238324969991,
       35.81371102039856
      ],
      [
       51.51239294072852,
       35.813713737039464
      ],
      [
       51.51241200181385,
       35.81371989796875
      ],
      [
       51.512421341088505,
       35.81372333230774
      ],
      [
       51.5124396170031,
       35.8137309013435
      ],
      [
       51.51245298549613,
       35.81373708866563
      ],
      [
       51.512461783103795,
       35.813741383056076
      ],
      [
       51.51327667775674,
       35.81416036152189
      ],
      [
       51.513314538675736,
       35.81417777161795
      ],
      [
       51.51335432213328,
       35.81419207784303
      ],
      [
       51.5133956434514,
       35.81420314186605
      ],
      [
       51.5134381030821,
       35.814210856705714
      ],
      [
       51.51348129047071,
       35.81421514776495
      ],
      [
       51.51352478802563,
       35.814215973552244
      ],
      [
       51.51356817515621,
       35.81421332608282
      ],
      [
       51.51361103233949,
       35.81420723095584
      ],
      [
       51.51365294517675,
       35.81419774710688
      ],
      [
       51.513693508400415,
       35.814184966238074
      ],
      [
       51.51461477063368,
       35.813851493163924
      ],
      [
       51.514652785622616,
       35.81383591088062
      ],
      [
       51.51468878006741,
       35.81381743317251
      ],
      [
       51.51472242058947,
       35.813796231179126
      ],
      [
       51.5147533956121,
       35.81377250127218
      ],
      [
       51.5147814182463,
       35.8137464632368
      ],
      [
       51.51480622894797,
       35.81371835823584
      ],
      [
       51.51482759792172,
       35.813688446576315
      ],
      [
       51.51484532724928,
       35.81365700529839
      ],
      [
       51.51485925272257,
       35.813624325609474
      ],
      [
       51.51540147794383,
       35.81212141114945
      ],
      [
       51.515404831275255,
       35.81211290605779
      ],
      [
       51.51541024631087,
       35.8121002630222
      ],
      [
       51.51541848867242,
       35.81208371872558
      ],
      [
       51.515423108151225,
       35.812075628137784
      ],
      [
       51.515433332294826,
       35.81205983006685
      ],
      [
       51.51543891800775,
       35.81205215186765
      ],
      [
       51.515451022919194,
       35.81203725610684
      ],
      [
       51.51545751967958,
       35.8120300661566
      ],
      [
       51.51547138576274,
       35.81201621987555
      ],
      [
       51.5154787293828,
       35.81200958921075
      ],
      [
       51.515494219641205,
       35.811996929210274
      ],
      [
       51.51550233756621,
       35.81199092334167
      ],
      [
       51.515519298956626,
       35.81197957470216
      ],
      [
       51.51553252585869,
       35.81197158674686
      ],
      [
       51.51554151055092,
       35.81196643737523
      ],
      [
       51.51572469631676,
       35.81186689439501
      ],
      [
       51.51576034297443,
       35.81184534337947
      ],
      [
       51.51579314782607,
       35.81182099728836
      ],
      [
       51.51582277995314,
       35.81179410171257
      ],
      [
       51.51584894044192,
       35.811764927960915
      ],
      [
       51.51587136539879,
       35.811733770323244
      ],
      [
       51.51615724035268,
       35.81128641187029
      ],
      [
       51.51617450519768,
       35.81125600818336
      ],
      [
       51.51618821042632,
       35.811224431510674
      ],
      [
       51.516198237050865,
       35.81119195599847
      ],
      [
       51.516204498020926,
       35.81115886359665
      ],
      [
       51.516206938979245,
       35.81112544161092
      ],
      [
       51.5162055387336,
       35.811091980208396
      ],
      [
       51.516200309440826,
       35.811058769898395
      ],
      [
       51.51619129650123,
       35.8110260990103
      ],
      [
       51.51586837171539,
       35.81006735688758
      ],
      [
       51.51585408137861,
       35.81003217007616
      ],
      [
       51.515835405151655,
       35.80999836535708
      ],
      [
       51.51581254160676,
       35.809966302154045
      ],
      [
       51.51578573383723,
       35.80993632137438
      ],
      [
       51.51575526687274,
       35.809908741784334
      ],
      [
       51.515721464648834,
       35.80988385661985
      ],
      [
       51.51196828808476,
       35.80739461943352
      ],
      [
       51.511960755206296,
       35.80738939063393
      ],
      [
       51.511949681542866,
       35.8073813485811
      ],
      [
       51.51193552342913,
       35.80737010006768
      ],
      [
       51.51192876505116,
       35.807364226936514
      ],
      [
       51.51191590320929,
       35.80735199470587
      ],
      [
       51.51190677208392,
       35.80734247849613
      ],
      [
       51.51190085771599,
       35.80733602143823
      ],
      [
       51.50718360399405,
       35.80193748819731
      ],
      [
       51.50715638197754,
       35.801909405994856
      ],
      [
       51.50712585939699,
       35.80188365876125
      ],
      [
       51.507092338208565,
       35.801860501210705
      ],
      [
       51.504766919391315,
       35.80040951725324
      ],
      [
       51.504758206486095,
       35.80040378980787
      ],
      [
       51.504745418970714,
       35.80039493911029
      ],
      [
       51.50472912789292,
       35.80038245255976
      ],
      [
       51.50472138726639,
       35.800375886415225
      ],
      [
       51.50470673570399,
       35.80036212523927
      ],
      [
       51.504699852988125,
       35.80035495671291
      ],
      [
       51.504686991351186,
       35.80034006218108
      ],
      [
       51.50468103720259,
       35.800332364863586
      ],
      [
       51.50467009752616,
       35.80031648988022
      ],
      [
       51.504665133068954,
       35.80030834279075
      ],
      [
       51.50465622765761,
       35.80029165032531
      ],
      [
       51.50465230385595,
       35.800283137100294
      ],
      [
       51.5046455241309,
       35.80026579851438
      ],
      [
       51.504642681265764,
       35.80025700654891
      ],
      [
       51.50463809682633,
       35.800239199837044
      ],
      [
       51.50463636408202,
       35.800230219387714
      ],
      [
       51.50463402199117,
       35.800212127350115
      ],
      [
       51.50463341715569,
       35.80020305060847
      ],
      [
       51.504633341456866,
       35.80018485897445
      ],
      [
       51.50463387073933,
       35.80017577912053
      ],
      [
       51.504636062209656,
       35.800157674641845
      ],
      [
       51.50463772017657,
       35.80014868488766
      ],
      [
       51.504642156318816,
       35.80013085342134
      ],
      [
       51.50464492594981,
       35.80012204605394
      ],
      [
       51.504651561223426,
       35.800104670654335
      ],
      [
       51.50465541408602,
       35.80009613608844
      ],
      [
       51.504664180374576,
       35.800079395127995
      ],
      [
       51.50466907691602,
       35.800071220977784
      ],
      [
       51.50467988422652,
       35.80005528631592
      ],
      [
       51.504688725313514,
       35.80004368350525
      ],
      [
       51.504694863428504,
       35.80003606635447
      ],
      [
       51.504920675958935,
       35.79977076585137
      ],
      [
       51.504927074191635,
       35.799763630168364
      ],
      [
       51.50493698548551,
       35.79975312876676
      ],
      [
       51.50495103086455,
       35.7997396716602
      ],
      [
       51.504958447605205,
       35.799733235274275
      ],
      [
       51.504974051291384,
       35.79972096236886
      ],
      [
       51.50498220997971,
       35.79971514807475
      ],
      [
       51.50499922135898,
       35.79970417783429
      ],
      [
       51.50500804324351,
       35.79969904175429
      ],
      [
       51.50502629811412,
       35.79968948006865
      ],
      [
       51.5050356980419,
       35.79968507177857
      ],
      [
       51.50505502019934,
       35.7996770109416
      ],
      [
       51.505064907437905,
       35.79967337299232
      ],
      [
       51.50508511037571,
       35.79966689081097
      ],
      [
       51.50509538948883,
       35.799664058317674
      ],
      [
       51.50511627819883,
       35.79965921736097
      ],
      [
       51.50513214624127,
       35.79965621585067
      ],
      [
       51.50514278978075,
       35.799654425254666
      ],
      [
       51.50783321848358,
       35.79925752297012
      ],
      [
       51.50787219773407,
       35.79925028133178
      ],
      [
       51.50791021277835,
       35.799240211573824
      ],
      [
       51.50794695315692,
       35.79922739593348
      ],
      [
       51.50823223754947,
       35.7991152258982
      ],
      [
       51.50827123240451,
       35.79909787801186
      ],
      [
       51.50830788646412,
       35.79907743959419
      ],
      [
       51.50834182960719,
       35.79905411702587
      ],
      [
       51.50837271908661,
       35.79902814581081
      ],
      [
       51.50840024299019,
       35.798999788198124
      ],
      [
       51.508424123390256,
       35.798969330534014
      ],
      [
       51.508444119150084,
       35.79893708037033
      ],
      [
       51.50846002835882,
       35.79890336335903
      ],
      [
       51.5084716903703,
       35.79886851996383
      ],
      [
       51.50847898742523,
       35.798832902022305
      ],
      [
       51.50848184584025,
       35.79879686919316
      ],
      [
       51.508480236752,
       35.798760785324504
      ],
      [
       51.508474176408534,
       35.798725014779826
      ],
      [
       51.508329600304506,
       35.79810447276813
      ],
      [
       51.508319766867835,
       35.79807108661786
      ],
      [
       51.50830605519977,
       35.79803861484975
      ],
      [
       51.50828859044459,
       35.79800735382867
      ],
      [
       51.50826753200045,
       35.79797758886916
      ],
      [
       51.50824307206455,
       35.79794959163146
      ],
      [
       51.508215433878966,
       35.79792361764205
      ],
      [
       51.5081848696932,
       35.79789990396158
      ],
      [
       51.508151658461884,
       35.79787866702116
      ],
      [
       51.50811610329885,
       35.7978601006471
      ],
      [
       51.50807852871062,
       35.79784437429186
      ],
      [
       51.50803927763471,
       35.79783163148747
      ],
      [
       51.50799870830967,
       35.79782198853555
      ],
      [
       51.50795719100553,
       35.797815533445856
      ],
      [
       51.50791510464437,
       35.797812325132995
      ],
      [
       51.50787283334195,
       35.79781239287875
      ],
      [
       51.50783076290198,
       35.79781573606481
      ],
      [
       51.507789277294926,
       35.79782232417844
      ],
      [
       51.49805062231848,
       35.79976524288387
      ],
      [
       51.49800956296318,
       35.79977516870381
      ],
      [
       51.49796987805894,
       35.799788272532076
      ],
      [
       51.497931939613245,
       35.799804431532976
      ],
      [
       51.49789610326227,
       35.799823494231546
      ],
      [
       51.49786270493706,
       35.79984528193346
      ],
      [
       51.49783205771454,
       35.799869590400135
      ],
      [
       51.49780444888272,
       35.79989619176325
      ],
      [
       51.49778013724763,
       35.79992483666082
      ],
      [
       51.49775935070729,
       35.7999552565747
      ],
      [
       51.49774228411536,
       35.79998716634766
      ],
      [
       51.49772909745461,
       35.800020266856535
      ],
      [
       51.49771991433719,
       35.80005424781613
      ],
      [
       51.49771482084593,
       35.80008879068787
      ],
      [
       51.497713864727366,
       35.80012357166584
      ],
      [
       51.4977170549442,
       35.80015826471208
      ],
      [
       51.49772436159122,
       35.8001925446129
      ],
      [
       51.497735716175704,
       35.80022609002746
      ],
      [
       51.497751012259435,
       35.80025858650001
      ],
      [
       51.49777010645644,
       35.80028972940763
      ],
      [
       51.49779281977714,
       35.80031922681574
      ],
      [
       51.49780207407675,
       35.800330042667355
      ],
      [
       51.497813329899664,
       35.80034464624307
      ],
      [
       51.497818516983635,
       35.800352154551284
      ],
      [
       51.49782799755846,
       35.800367566927925
      ],
      [
       51.4978322746751,
       35.800375444377124
      ],
      [
       51.49783989272294,
       35.80039152366718
      ],
      [
       51.49784488750238,
       35.80040379243235
      ],
      [
       51.497847976808785,
       35.80041203967826
      ],
      [
       51.49822622867243,
       35.801516325000584
      ],
      [
       51.498240038554115,
       35.801550074770994
      ],
      [
       51.49825788912045,
       35.80158255060578
      ],
      [
       51.49827960550497,
       35.80161343436746
      ],
      [
       51.49830497497115,
       35.8016424235147
      ],
      [
       51.4983337489964,
       35.80166923406603
      ],
      [
       51.498365645706656,
       35.801693603381835
      ],
      [
       51.49840035263758,
       35.801715292737114
      ],
      [
       51.49843752979558,
       35.80173408966013
      ],
      [
       51.4984768129884,
       35.801749810013796
      ],
      [
       51.498517817392774,
       35.80176229979948
      ],
      [
       51.49856014132423,
       35.80177143666562
      ],
      [
       51.498603370172056,
       35.80177713110629
      ],
      [
       51.498647080460835,
       35.80177932733801
      ],
      [
       51.49869084399891,
       35.80177800384621
      ],
      [
       51.498734232072984,
       35.80177317359598
      ],
      [
       51.498776819647844,
       35.80176488390509
      ],
      [
       51.500780434483566,
       35.801288602512194
      ],
      [
       51.50079100692098,
       35.80128631824772
      ],
      [
       51.500806953676154,
       35.80128321359
      ],
      [
       51.500828440946776,
       35.801279932996785
      ],
      [
       51.50083926467877,
       35.80127872682103
      ],
      [
       51.50086104587648,
       35.801277185659835
      ],
      [
       51.500871963383055,
       35.80127685350177
      ],
      [
       51.50089382552275,
       35.80127706684268
      ],
      [
       51.500904730048234,
       35.80127761195027
      ],
      [
       51.500926459353316,
       35.801279577707156
      ],
      [
       51.500937244268975,
       35.80128099475013
      ],
      [
       51.500958628261756,
       35.801284693701035
      ],
      [
       51.500969188108435,
       35.80128696882299
      ],
      [
       51.500990017687826,
       35.80129236479814
      ],
      [
       51.5010002492072,
       35.80129547575203
      ],
      [
       51.501020320693385,
       35.80130251598744
      ],
      [
       51.50103012383764,
       35.801306432353144
      ],
      [
       51.50104924096374,
       35.80131504800663
      ],
      [
       51.501058519873865,
       35.801319731488384
      ],
      [
       51.50107649570511,
       35.801329838312704
      ],
      [
       51.501085159648284,
       35.80133524311358
      ],
      [
       51.501101818409914,
       35.801346742280224
      ],
      [
       51.501109782666695,
       35.80135281554996
      ],
      [
       51.5011249614628,
       35.80136559461556
      ],
      [
       51.501132148155556,
       35.80137227696733
      ],
      [
       51.5011456985619,
       35.801386210973156
      ],
      [
       51.50115203741631,
       35.801393437064306
      ],
      [
       51.501163826931695,
       35.80140838975817
      ],
      [
       51.50117197588511,
       35.80141994617972
      ],
      [
       51.50117717596532,
       35.80142776278176
      ],
      [
       51.501883011456435,
       35.80255452364158
      ],
      [
       51.50191224891896,
       35.802594550024246
      ],
      [
       51.502489259230046,
       35.80327917655124
      ],
      [
       51.50251637258201,
       35.80330809238729
      ],
      [
       51.50254694417174,
       35.803334636070836
      ],
      [
       51.502580661229516,
       35.803358536040584
      ],
      [
       51.50330119074067,
       35.803819280433586
      ],
      [
       51.503309824410636,
       35.80382509519781
      ],
      [
       51.503322488933556,
       35.80383407444101
      ],
      [
       51.50333860506488,
       35.80384672581542
      ],
      [
       51.503346252989,
       35.80385337080424
      ],
      [
       51.503360708902086,
       35.80386728231023
      ],
      [
       51.50336748901381,
       35.803874521999994
      ],
      [
       51.50338013612552,
       35.803889550650034
      ],
      [
       51.5033859787364,
       35.80389731062857
      ],
      [
       51.50339668705509,
       35.80391330195272
      ],
      [
       51.50340153211263,
       35.80392150246014
      ],
      [
       51.50341019157431,
       35.80393829209373
      ],
      [
       51.50341398927925,
       35.80394684884223
      ],
      [
       51.503420510878804,
       35.80396426421529
      ],
      [
       51.50342322219694,
       35.80397308925548
      ],
      [
       51.503427538903,
       35.80399095136645
      ],
      [
       51.50342913596642,
       35.803999953991344
      ],
      [
       51.50343120341029,
       35.80401807924694
      ],
      [
       51.5034316698038,
       35.804027166924286
      ],
      [
       51.50343146673554,
       35.804045369026504
      ],
      [
       51.50343079766538,
       35.804054448349845
      ],
      [
       51.503428326172205,
       35.804072540210846
      ],
      [
       51.50342652851531,
       35.80408151785957
      ],
      [
       51.503421814000134,
       35.80409931352462
      ],
      [
       51.50341890623348,
       35.804108097223185
      ],
      [
       51.5034119971538,
       35.804125413781925
      ],
      [
       51.503408009164474,
       35.80413391324828
      ],
      [
       51.503398976534335,
       35.80415057271482
      ],
      [
       51.5033914304398,
       35.804162773031834
      ],
      [
       51.50338614342678,
       35.80417080640949
      ],
      [
       51.50270280421652,
       35.80514863411076
      ],
      [
       51.50270146934167,
       35.805150517627055
      ],
      [
       51.50269877164728,
       35.805154271392404
      ],
      [
       51.50269740881539,
       35.80515614165863
      ],
      [
       51.50245117209511,
       35.8054894456716
      ],
      [
       51.50243215719958,
       35.805518040627526
      ],
      [
       51.502416401437074,
       35.80554791377918
      ],
      [
       51.50240403368535,
       35.805578820772524
      ],
      [
       51.50239515510916,
       35.80561050879698
      ],
      [
       51.502389838332775,
       35.805642718653345
      ],
      [
       51.502388126845936,
       35.805675186874
      ],
      [
       51.502389465342716,
       35.80611788048461
      ],
      [
       51.5023919998362,
       35.80615541274015
      ],
      [
       51.50239934859257,
       35.80619252462225
      ],
      [
       51.502411431193764,
       35.80622881001237
      ],
      [
       51.50242811541882,
       35.80626387183636
      ],
      [
       51.502449218690835,
       35.806297326409634
      ],
      [
       51.502474510074876,
       35.806328807635914
      ],
      [
       51.50346462156549,
       35.80743066826502
      ],
      [
       51.503470541780565,
       35.80743759217751
      ],
      [
       51.50347911408571,
       35.80744813760745
      ],
      [
       51.503489718519724,
       35.807462617463884
      ],
      [
       51.503494593982914,
       35.807470047318255
      ],
      [
       51.503503480672265,
       35.807485270528524
      ],
      [
       51.503507477222705,
       35.807493038744376
      ],
      [
       51.50351456793994,
       35.807508871302105
      ],
      [
       51.50351765039692,
       35.80751690949765
      ],
      [
       51.5035228827241,
       35.80753321203252
      ],
      [
       51.50352502395348,
       35.80754144944938
      ],
      [
       51.50352835183164,
       35.80755807845396
      ],
      [
       51.50352953298467,
       35.80756644258008
      ],
      [
       51.50353092711928,
       35.807583251673115
      ],
      [
       51.50353113779855,
       35.80759166888103
      ],
      [
       51.50353058591736,
       35.807608510095996
      ],
      [
       51.5035298242683,
       35.80761690629099
      ],
      [
       51.5035273312294,
       35.807633631378565
      ],
      [
       51.50352560395663,
       35.80764193265088
      ],
      [
       51.503521191705666,
       35.807658394384035
      ],
      [
       51.503518514013976,
       35.8076665276595
      ],
      [
       51.50351222139095,
       35.80768258112941
      ],
      [
       51.503506811351926,
       35.80769442872726
      ],
      [
       51.50350297499172,
       35.807702261264154
      ],
      [
       51.50341427935461,
       35.807871661963325
      ],
      [
       51.5034097219607,
       35.80787979788116
      ],
      [
       51.50340251931884,
       35.8078918511536
      ],
      [
       51.50339194384264,
       35.80790751354892
      ],
      [
       51.50338618654114,
       35.80791511674113
      ],
      [
       51.50337374705644,
       35.80792984830233
      ],
      [
       51.503367087971505,
       35.80793694931702
      ],
      [
       51.5033529075928,
       35.80795060424475
      ],
      [
       51.503345412629876,
       35.80795713280264
      ],
      [
       51.50332963170142,
       35.80796957595309
      ],
      [
       51.50332137503871,
       35.80797546744057
      ],
      [
       51.50330414974551,
       35.807986575662945
      ],
      [
       51.50329521309982,
       35.807991771771526
      ],
      [
       51.50327671392187,
       35.80800143512694
      ],
      [
       51.50326718573983,
       35.80800588443036
      ],
      [
       51.50324759576486,
       35.808014007279866
      ],
      [
       51.50323757034759,
       35.80801766574304
      ],
      [
       51.503217083459035,
       35.8080241676942
      ],
      [
       51.50320666002883,
       35.808026999109046
      ],
      [
       51.50318547898692,
       35.808031815811574
      ],
      [
       51.50317476070524,
       35.80803379215537
      ],
      [
       51.50315309514032,
       35.80803687593801
      ],
      [
       51.50314218808679,
       35.80803797765073
      ],
      [
       51.50312025242454,
       35.80803929799305
      ],
      [
       51.503109264547064,
       35.80803951417097
      ],
      [
       51.50308727588635,
       35.80803905800545
      ],
      [
       51.503076315932766,
       35.80803838650904
      ],
      [
       51.50305449189699,
       35.80803615835038
      ],
      [
       51.503038245652874,
       35.80803382799858
      ],
      [
       51.503027457977616,
       35.80803205480902
      ],
      [
       51.50216865605347,
       35.80787273320534
      ],
      [
       51.502164977836806,
       35.80787203651841
      ],
      [
       51.50095901653719,
       35.80763656212628
      ],
      [
       51.50092308168106,
       35.80763081162721
      ],
      [
       51.5008866842886,
       35.80762749432479
      ],
      [
       51.50085007374739,
       35.807626632948484
      ],
      [
       51.50004183375846,
       35.80763479532543
      ],
      [
       51.499996643380335,
       35.8076371334838
      ],
      [
       51.499951983914315,
       35.807643210138046
      ],
      [
       51.499908323087645,
       35.8076529616462
      ],
      [
       51.49986611816862,
       35.80766628587881
      ],
      [
       51.49982581117754,
       35.80768304328861
      ],
      [
       51.49972469662108,
       35.80773053401017
      ],
      [
       51.49968733603567,
       35.80775018145346
      ],
      [
       51.49965259516477,
       35.80777277764771
      ],
      [
       51.49962082555858,
       35.8077980939373
      ],
      [
       51.49959234870044,
       35.807825874141336
      ],
      [
       51.49956745275368,
       35.80785583714609
      ],
      [
       51.49954638964562,
       35.80788767974961
      ],
      [
       51.4995293725183,
       35.807921079729866
      ],
      [
       51.49951657357162,
       35.80795569910543
      ],
      [
       51.49941925821761,
       35.808276758139115
      ],
      [
       51.49941628492973,
       35.80828559101721
      ],
      [
       51.49941141430123,
       35.80829873374437
      ],
      [
       51.49940382934715,
       35.80831596492847
      ],
      [
       51.49939950397298,
       35.80832440688666
      ],
      [
       51.499389798662754,
       35.80834092161282
      ],
      [
       51.499384437641424,
       35.80834896219513
      ],
      [
       51.49937271278812,
       35.808364588918046
      ],
      [
       51.499366371806786,
       35.808372144603624
      ],
      [
       51.49935274920132,
       35.80838672100204
      ],
      [
       51.49934549412638,
       35.80839371330684
      ],
      [
       51.49933011527241,
       35.80840708796967
      ],
      [
       51.499322021465325,
       35.80841344426173
      ],
      [
       51.49930504610937,
       35.8084254782608
      ],
      [
       51.499291764051705,
       35.80843396562238
      ],
      [
       51.49928272778306,
       35.80843944290043
      ],
      [
       51.4987270043099,
       35.8087587091298
      ],
      [
       51.498692315691045,
       35.80878082417992
      ],
      [
       51.4986605102545,
       35.80880563359837
      ],
      [
       51.49863190395751,
       35.80883289092679
      ],
      [
       51.498606780976864,
       35.808862325389136
      ],
      [
       51.49858539088586,
       35.808893644581566
      ],
      [
       51.49856794617502,
       35.808926537377225
      ],
      [
       51.49855462014124,
       35.80896067701697
      ],
      [
       51.49837280601968,
       35.80952222180097
      ],
      [
       51.498368537412745,
       35.80953380525183
      ],
      [
       51.49835905155065,
       35.80955670943471
      ],
      [
       51.498353832949306,
       35.809568033417186
      ],
      [
       51.49811694205856,
       35.81003368678708
      ],
      [
       51.49810121856779,
       35.810069991830254
      ],
      [
       51.49809036658023,
       35.81010745426561
      ],
      [
       51.4980845105816,
       35.810145644352694
      ],
      [
       51.498083717747434,
       35.81018412400398
      ],
      [
       51.49808799717253,
       35.810222451810276
      ],
      [
       51.49812667978193,
       35.81043908807363
      ],
      [
       51.498128061495095,
       35.81044860873384
      ],
      [
       51.49812966273806,
       35.810462917649275
      ],
      [
       51.498130541283885,
       35.810482060392246
      ],
      [
       51.498130351282306,
       35.81049163033556
      ],
      [
       51.49812871327093,
       35.810510740128485
      ],
      [
       51.498127268760136,
       35.81052023915712
      ],
      [
       51.49812313283961,
       35.81053909844317
      ],
      [
       51.49811910586665,
       35.81055308920776
      ],
      [
       51.498116113206564,
       35.810562362594126
      ],
      [
       51.49781398134888,
       35.81140609294833
      ],
      [
       51.49780418329656,
       35.81143924848098
      ],
      [
       51.49779829920975,
       35.81147300892794
      ],
      [
       51.4975772390373,
       35.81339484833131
      ],
      [
       51.49757532119733,
       35.813428322925866
      ],
      [
       51.49757725177546,
       35.81346179703753
      ],
      [
       51.49764814542742,
       35.81407607793255
      ],
      [
       51.4976488839589,
       35.81408471107038
      ],
      [
       51.497649606840206,
       35.81409766990853
      ],
      [
       51.49764954486248,
       35.81411496516838
      ],
      [
       51.497649001375024,
       35.81412359653484
      ],
      [
       51.49764689066352,
       35.81414080672069
      ],
      [
       51.4976453271134,
       35.8141493555838
      ],
      [
       51.49764118725105,
       35.81416632102163
      ],
      [
       51.497638618144705,
       35.81417470806609
      ],
      [
       51.497632487540635,
       35.814191271352634
      ],
      [
       51.497628936713916,
       35.81419941876446
      ],
      [
       51.49762087224713,
       35.81421542622757
      ],
      [
       51.497616372644174,
       35.81422325841607
      ],
      [
       51.497606449135816,
       35.81423856154046
      ],
      [
       51.49760104250339,
       35.81424600583954
      ],
      [
       51.49758935202255,
       35.81426046264468
      ],
      [
       51.49757995085697,
       35.81427095025776
      ],
      [
       51.49757347346167,
       35.81427782202689
      ],
      [
       51.495742746714996,
       35.8161260163191
      ],
      [
       51.495718654806296,
       35.81615277782996
      ],
      [
       51.49569770246501,
       35.81618122851923
      ],
      [
       51.495680068026864,
       35.81621112622903
      ],
      [
       51.49566590158728,
       35.81624221648518
      ],
      [
       51.49565532372382,
       35.81627423466315
      ],
      [
       51.49564842446991,
       35.816306908240406
      ],
      [
       51.49564526254851,
       35.81633995911599
      ],
      [
       51.49564586487229,
       35.81637310597756
      ],
      [
       51.49567453594534,
       35.81675494815612
      ]
     ]
    ]
   }
  },
  {
   "type": "Feature",
   "properties": {
    "key": "g25c6607",
    "title": "تختی",
    "subtitle": "مختاری، جعفری، بوستان گل محمدی، بوستان گلخانه، بوستان بهشتی",
    "search_keywords": "مختاری، جعفری، بوستان گل محمدی، بوستان گلخانه، بوستان بهشتی، تختی",
    "district": "منطقه 12",
    "source": "uncovered-land",
    "area_sqkm": 0.757
   },
   "geometry": {
    "type": "Polygon",
    "coordinates": [
     [
      [
       51.40586902889803,
       35.66208761209223
      ],
      [
       51.405883380929964,
       35.662136978138264
      ],
      [
       51.40588665025853,
       35.66214548586442
      ],
      [
       51.40589197533714,
       35.66216209742815
      ],
      [
       51.405895231436155,
       35.66217469748574
      ],
      [
       51.40589715555377,
       35.662183142898066
      ],
      [
       51.406802431972686,
       35.666766590231305
      ],
      [
       51.406810877440016,
       35.66679944964484
      ],
      [
       51.40682306192886,
       35.666831525672244
      ],
      [
       51.40683887910514,
       35.6668625383859
      ],
      [
       51.40685819093228,
       35.66689221713773
      ],
      [
       51.40688082887591,
       35.66692030292115
      ],
      [
       51.40690659537459,
       35.66694655063141
      ],
      [
       51.40693526556399,
       35.666970731204636
      ],
      [
       51.40696658923924,
       35.66699263361688
      ],
      [
       51.40704822814337,
       35.667044528399266
      ],
      [
       51.407056941321734,
       35.667050364406684
      ],
      [
       51.407069721894544,
       35.66705937966963
      ],
      [
       51.40707303330782,
       35.66706196784427
      ],
      [
       51.40710777738973,
       35.667086430354
      ],
      [
       51.407145460186456,
       35.66710783244392
      ],
      [
       51.40718567470216,
       35.66712594295918
      ],
      [
       51.40722798659702,
       35.667140566295835
      ],
      [
       51.40727193887831,
       35.66715154451346
      ],
      [
       51.40731705683617,
       35.667158759041
      ],
      [
       51.407362853170795,
       35.66716213195743
      ],
      [
       51.41443437662132,
       35.667383100052966
      ],
      [
       51.41447782799344,
       35.66738272375125
      ],
      [
       51.41452102437797,
       35.66737888810091
      ],
      [
       51.41456354916309,
       35.66737163009525
      ],
      [
       51.4146049922143,
       35.667361019734834
      ],
      [
       51.41464495382996,
       35.66734715935234
      ],
      [
       51.4146830485963,
       35.66733018262559
      ],
      [
       51.414718909104565,
       35.66731025328832
      ],
      [
       51.4147521894945,
       35.667287563551014
      ],
      [
       51.4147825687901,
       35.667262332247084
      ],
      [
       51.414809753995215,
       35.66723480272236
      ],
      [
       51.41500931885936,
       35.66701102379732
      ],
      [
       51.415016182523765,
       35.66700372740419
      ],
      [
       51.41502681098652,
       35.666993008245136
      ],
      [
       51.41504186222485,
       35.66697932349345
      ],
      [
       51.41504980334866,
       35.666972806600015
      ],
      [
       51.41506649587167,
       35.66696044079327
      ],
      [
       51.41507521456192,
       35.66695461611073
      ],
      [
       51.415097030533055,
       35.66694150006085
      ],
      [
       51.41512868682793,
       35.66692252173072
      ],
      [
       51.415161329563084,
       35.66689853664835
      ],
      [
       51.41519087593874,
       35.666872036205405
      ],
      [
       51.4152170335002,
       35.66684328270746
      ],
      [
       51.41523954333578,
       35.666812560761194
      ],
      [
       51.41525818263959,
       35.666780174457266
      ],
      [
       51.415272766916836,
       35.66674644436044
      ],
      [
       51.41528315181005,
       35.666711704336535
      ],
      [
       51.41528923452792,
       35.66667629824781
      ],
      [
       51.41529095486273,
       35.666640576549305
      ],
      [
       51.415288295786354,
       35.66660489282004
      ],
      [
       51.41428436144619,
       35.65923711976564
      ],
      [
       51.414277496520725,
       35.659202391154885
      ],
      [
       51.41426648337729,
       35.65916837398287
      ],
      [
       51.414251427542524,
       35.659135394198145
      ],
      [
       51.414232473279654,
       35.6591037678091
      ],
      [
       51.414209802206194,
       35.659073797856074
      ],
      [
       51.4141836315537,
       35.65904577150762
      ],
      [
       51.414154212086274,
       35.6590199573089
      ],
      [
       51.41412182569778,
       35.65899660260853
      ],
      [
       51.414086782710775,
       35.658975931188486
      ],
      [
       51.414049418903026,
       35.65895814111988
      ],
      [
       51.41401009229014,
       35.658943402865056
      ],
      [
       51.41396917969508,
       35.65893185764423
      ],
      [
       51.4139270731375,
       35.65892361608234
      ],
      [
       51.413884176077474,
       35.65891875714906
      ],
      [
       51.41256724550963,
       35.658822651655534
      ],
      [
       51.41252727972635,
       35.65882120964328
      ],
      [
       51.41248731691154,
       35.658822704926244
      ],
      [
       51.41244768374104,
       35.65882712528123
      ],
      [
       51.41240870419602,
       35.658834434574075
      ],
      [
       51.41238625032882,
       35.6588395233667
      ],
      [
       51.412375753912464,
       35.658841460134326
      ],
      [
       51.412354541046746,
       35.658844500446904
      ],
      [
       51.41234386237045,
       35.658845598578075
      ],
      [
       51.41232238586945,
       35.65884694818452
      ],
      [
       51.41231162628726,
       35.65884719725659
      ],
      [
       51.41229008998996,
       35.65884684334743
      ],
      [
       51.41227935162383,
       35.658846240996404
      ],
      [
       51.412257959936746,
       35.65884418693069
      ],
      [
       51.41224202683534,
       35.65884201344587
      ],
      [
       51.412231444060154,
       35.65884035358085
      ],
      [
       51.41042979485619,
       35.65852061144564
      ],
      [
       51.41039705992212,
       35.65851584088653
      ],
      [
       51.410363976222484,
       35.658513080506275
      ],
      [
       51.40849637855668,
       35.65841467402046
      ],
      [
       51.40845726057912,
       35.65841402061169
      ],
      [
       51.40841822445886,
       35.65841617605912
      ],
      [
       51.405654703888345,
       35.658668849860014
      ],
      [
       51.4056130944604,
       35.65867429463367
      ],
      [
       51.40557231169803,
       35.65868292963445
      ],
      [
       51.40553272561692,
       35.658694676518316
      ],
      [
       51.40549469537547,
       35.65870942870762
      ],
      [
       51.405458566016165,
       35.65872705235801
      ],
      [
       51.405424665335104,
       35.65874738757286
      ],
      [
       51.40539330090792,
       35.65877024985389
      ],
      [
       51.4053647572992,
       35.65879543177516
      ],
      [
       51.405339293480715,
       35.658822704865
      ],
      [
       51.405317140481735,
       35.658851821678894
      ],
      [
       51.40529849929299,
       35.65888251804448
      ],
      [
       51.405283539043104,
       35.65891451545838
      ],
      [
       51.405272395464124,
       35.658947523613016
      ],
      [
       51.40526516966,
       35.6589812430305
      ],
      [
       51.40526192718934,
       35.65901536777978
      ],
      [
       51.40526269747058,
       35.65904958825227
      ],
      [
       51.40526747351509,
       35.659083593970934
      ],
      [
       51.40586902889803,
       35.66208761209223
      ]
     ]
    ]
   }
  },
  {
   "type": "Feature",
   "properties": {
    "key": "g3ffe671",
    "title": "قیام",
    "subtitle": "چهارراه ریسمانی، محمدمهدی مشهدی رحیم، مرتضی دیانی، حوزه علمیه امام القائم عجل الله، بیمارستان سوم شعبان",
    "search_keywords": "چهارراه ریسمانی، محمدمهدی مشهدی رحیم، مرتضی دیانی، حوزه علمیه امام القائم عجل الله، بیمارستان سوم شعبان، کودک، قیام",
    "district": "منطقه 12",
    "source": "uncovered-land",
    "area_sqkm": 0.603
   },
   "geometry": {
    "type": "Polygon",
    "coordinates": [
     [
      [
       51.43635308418188,
       35.66895304465388
      ],
      [
       51.436372301462164,
       35.66898414822454
      ],
      [
       51.43639513356485,
       35.66901359632306
      ],
      [
       51.43642136634418,
       35.66904111275127
      ],
      [
       51.43645075375893,
       35.66906643942841
      ],
      [
       51.43648302018009,
       35.66908933881174
      ],
      [
       51.436517862976004,
       35.669109596124464
      ],
      [
       51.4365549553508,
       35.66912702137017
      ],
      [
       51.43683637481071,
       35.66924484282376
      ],
      [
       51.43684585365074,
       35.669249052360954
      ],
      [
       51.43685986803268,
       35.669255642159285
      ],
      [
       51.43687800241272,
       35.669265158508395
      ],
      [
       51.43688676747144,
       35.66927026747506
      ],
      [
       51.43690367243081,
       35.6692811748131
      ],
      [
       51.43691178208796,
       35.66928695367091
      ],
      [
       51.43692729642419,
       35.669299147987594
      ],
      [
       51.436934673347636,
       35.66930554163046
      ],
      [
       51.436948649118975,
       35.669318906643106
      ],
      [
       51.43695522296378,
       35.66932585410247
      ],
      [
       51.43696752689995,
       35.66934026236488
      ],
      [
       51.436973234979185,
       35.66934769739109
      ],
      [
       51.43698374975219,
       35.669363011508814
      ],
      [
       51.43699093622412,
       35.669374796672486
      ],
      [
       51.436995492686926,
       35.669382751652726
      ],
      [
       51.43710102538509,
       35.669579419346945
      ],
      [
       51.43710512145661,
       35.66958759554014
      ],
      [
       51.437110888595164,
       35.669599969991836
      ],
      [
       51.43711757044507,
       35.66961675524787
      ],
      [
       51.437120397952874,
       35.669625265873904
      ],
      [
       51.43712501931116,
       35.669642502585035
      ],
      [
       51.43712680479274,
       35.669651197455885
      ],
      [
       51.43712932105225,
       35.6696687192466
      ],
      [
       51.43713004727343,
       35.66967751443597
      ],
      [
       51.437130434146226,
       35.66969515217906
      ],
      [
       51.43713009409724,
       35.66970396279231
      ],
      [
       51.43712834784909,
       35.669721546241355
      ],
      [
       51.43712694481222,
       35.66973028723499
      ],
      [
       51.437123082298584,
       35.66974764666763
      ],
      [
       51.43711940116536,
       35.66976053560999
      ],
      [
       51.43711668594003,
       35.66976908270156
      ],
      [
       51.43704237637965,
       35.66998129757143
      ],
      [
       51.437036425338036,
       35.66999655505666
      ],
      [
       51.43703662649301,
       35.66999660679855
      ],
      [
       51.437027509808104,
       35.67002137319862
      ],
      [
       51.4370194888458,
       35.67005374935718
      ],
      [
       51.437015162090574,
       35.67008658680263
      ],
      [
       51.4370145660911,
       35.67011960815271
      ],
      [
       51.43701770588187,
       35.67015253447165
      ],
      [
       51.43702455494065,
       35.67018508762644
      ],
      [
       51.437035055412515,
       35.67021699263625
      ],
      [
       51.43839478901685,
       35.67369843124904
      ],
      [
       51.43841013583558,
       35.67373186518873
      ],
      [
       51.438429490223136,
       35.673763898236565
      ],
      [
       51.43845266133215,
       35.67379421452503
      ],
      [
       51.438479420679805,
       35.673822515115006
      ],
      [
       51.43850950440083,
       35.6738485209435
      ],
      [
       51.438542615849364,
       35.673871975575466
      ],
      [
       51.43857842852412,
       35.67389264773234
      ],
      [
       51.438616589287875,
       35.673910333572664
      ],
      [
       51.43865672184968,
       35.673924858702094
      ],
      [
       51.438698430475306,
       35.67393607989302
      ],
      [
       51.438741303889486,
       35.67394388649689
      ],
      [
       51.43878491933132,
       35.673948201535325
      ],
      [
       51.43882884672305,
       35.67394898245911
      ],
      [
       51.43887265291084,
       35.67394622156782
      ],
      [
       51.43999343750389,
       35.67382988892774
      ],
      [
       51.44000643249487,
       35.67382885562118
      ],
      [
       51.440032472074535,
       35.673827413658685
      ],
      [
       51.44004551950355,
       35.673827004845464
      ],
      [
       51.44416750888914,
       35.673796730323936
      ],
      [
       51.44420341071204,
       35.67379528084887
      ],
      [
       51.444239049178776,
       35.67379146955576
      ],
      [
       51.44511701917863,
       35.673667930074394
      ],
      [
       51.445161705540336,
       35.67365968650485
      ],
      [
       51.44566211876594,
       35.67354494909551
      ],
      [
       51.44570267691705,
       35.67353390479984
      ],
      [
       51.44574173223806,
       35.6735197315767
      ],
      [
       51.4457789196888,
       35.67350256189959
      ],
      [
       51.445813891687585,
       35.67348255624914
      ],
      [
       51.44584632136002,
       35.673459901613086
      ],
      [
       51.445875905594185,
       35.67343480973857
      ],
      [
       51.44590236787374,
       35.67340751515298
      ],
      [
       51.44592546086248,
       35.673378272971874
      ],
      [
       51.44594496871609,
       35.67334735651451
      ],
      [
       51.445960709099616,
       35.673315054749175
      ],
      [
       51.44597253489167,
       35.67328166959227
      ],
      [
       51.4459803355596,
       35.67324751308639
      ],
      [
       51.44598403819251,
       35.673212904483734
      ],
      [
       51.44598360818286,
       35.67317816726214
      ],
      [
       51.445652127206635,
       35.668574817789604
      ],
      [
       51.445646423802195,
       35.6685346271656
      ],
      [
       51.44564048327988,
       35.668506701119725
      ],
      [
       51.44563871550494,
       35.66849469532966
      ],
      [
       51.445637711980304,
       35.668486154090196
      ],
      [
       51.44542941070472,
       35.66611573135298
      ],
      [
       51.445424160566596,
       35.666080544671
      ],
      [
       51.44541466717572,
       35.66604594922044
      ],
      [
       51.4454010229028,
       35.66601228161519
      ],
      [
       51.445383360506675,
       35.66597986944117
      ],
      [
       51.445361851842534,
       35.66594902806897
      ],
      [
       51.44533670618976,
       35.665920057585254
      ],
      [
       51.44530816821565,
       35.66589323987295
      ],
      [
       51.4452765155948,
       35.665868835868494
      ],
      [
       51.44524205630734,
       35.66584708302295
      ],
      [
       51.44520512564228,
       35.66582819299159
      ],
      [
       51.445166082935124,
       35.6658123495745
      ],
      [
       51.445125308071574,
       35.66579970692818
      ],
      [
       51.445083197791206,
       35.66579038806563
      ],
      [
       51.445040161827215,
       35.66578448365943
      ],
      [
       51.4449966189197,
       35.66578205115946
      ],
      [
       51.44495299274133,
       35.66578311423397
      ],
      [
       51.444909707774976,
       35.66578766253922
      ],
      [
       51.44486718518354,
       35.665795651820204
      ],
      [
       51.444825838712006,
       35.665807004341175
      ],
      [
       51.44239164177272,
       35.666585982618756
      ],
      [
       51.442384001312895,
       35.66658829649082
      ],
      [
       51.44237246837062,
       35.66659159386501
      ],
      [
       51.44235690247245,
       35.666595527028484
      ],
      [
       51.44234510176944,
       35.66659812555831
      ],
      [
       51.44233719351855,
       35.666599740506825
      ],
      [
       51.43820203987343,
       35.667378668877916
      ],
      [
       51.43815853669093,
       35.6673887926807
      ],
      [
       51.43811653438418,
       35.66740247202504
      ],
      [
       51.43671386371554,
       35.66792842220364
      ],
      [
       51.43670132425246,
       35.66793274871395
      ],
      [
       51.43667594411543,
       35.66794076562078
      ],
      [
       51.43666310042681,
       35.66794445696954
      ],
      [
       51.43637929716233,
       35.6680181187417
      ],
      [
       51.436338417857876,
       35.66803056531671
      ],
      [
       51.4362992479649,
       35.668046222853484
      ],
      [
       51.43626216882041,
       35.66806493891867
      ],
      [
       51.436227541407064,
       35.668086531302706
      ],
      [
       51.43619570283872,
       35.668110789793744
      ],
      [
       51.436166963078584,
       35.66813747822416
      ],
      [
       51.436141601921506,
       35.66816633676974
      ],
      [
       51.43611986627008,
       35.668197084479175
      ],
      [
       51.43610196773095,
       35.66822942200931
      ],
      [
       51.43608808055465,
       35.66826303453933
      ],
      [
       51.436078339939264,
       35.66829759483569
      ],
      [
       51.4360728407142,
       35.66833276643794
      ],
      [
       51.43607163641696,
       35.66836820693425
      ],
      [
       51.43607473877192,
       35.668403571294995
      ],
      [
       51.43608211757624,
       35.66843851523176
      ],
      [
       51.43609370099383,
       35.66847269854917
      ],
      [
       51.43610937625476,
       35.668505788456805
      ],
      [
       51.43635308418188,
       35.66895304465388
      ]
     ]
    ]
   }
  },
  {
   "type": "Feature",
   "properties": {
    "key": "947",
    "title": "جوادیه تهرانپارس",
    "subtitle": "زهدی، اسفندانی، احسان، فرهنگسرا",
    "search_keywords": "زهدی، اسفندانی، احسان، فرهنگسرا جوادیه تهرانپارس، علیرضا ناهیدی، منصور زهدی، جعفر پناه، محمدی، والفجر، فرهنگسرا، بوستان فتاحی، بوستان یاس، بوستان جعفرپناه، جوادیه تهرانپارس",
    "district": "منطقه 4",
    "source": "uncovered-land",
    "area_sqkm": 1.54
   },
   "geometry": {
    "type": "Polygon",
    "coordinates": [
     [
      [
       51.53802162938818,
       35.729084465818495
      ],
      [
       51.53800643357525,
       35.729116514127305
      ],
      [
       51.53799507461348,
       35.72914959412602
      ],
      [
       51.537987656259865,
       35.72918340364954
      ],
      [
       51.53798424627645,
       35.72921763386901
      ],
      [
       51.53798487581129,
       35.72925197211277
      ],
      [
       51.53798953911399,
       35.72928610472243
      ],
      [
       51.53799819358817,
       35.72931971991795
      ],
      [
       51.53801076018065,
       35.72935251064553
      ],
      [
       51.538027124103444,
       35.729384177382386
      ],
      [
       51.53804713588235,
       35.729414430872666
      ],
      [
       51.538070612722294,
       35.72944299476965
      ],
      [
       51.53809734017701,
       35.72946960816001
      ],
      [
       51.53812707410791,
       35.72949402794705
      ],
      [
       51.53815954291413,
       35.7295160310713
      ],
      [
       51.53837606200339,
       35.729649037405025
      ],
      [
       51.53838505509888,
       35.72965441823222
      ],
      [
       51.55055437640054,
       35.73674496893997
      ],
      [
       51.55056262381019,
       35.73675001526281
      ],
      [
       51.5505747662651,
       35.73675781221765
      ],
      [
       51.55059034041402,
       35.73676880992058
      ],
      [
       51.5505977989211,
       35.7367745947499
      ],
      [
       51.550612042555606,
       35.736786723764695
      ],
      [
       51.55061880440296,
       35.736793048126266
      ],
      [
       51.550631593430296,
       35.73680620278306
      ],
      [
       51.55063759970765,
       35.73681301157805
      ],
      [
       51.55064882270783,
       35.73682707727143
      ],
      [
       51.55065662488724,
       35.73683793455
      ],
      [
       51.550661620057525,
       35.73684527402342
      ],
      [
       51.55137800297211,
       35.73795847282695
      ],
      [
       51.5513826585479,
       35.73796614701443
      ],
      [
       51.551389298003336,
       35.737977782365526
      ],
      [
       51.55139723066844,
       35.73799362009616
      ],
      [
       51.55140072625833,
       35.73800167875604
      ],
      [
       51.55140676802927,
       35.73801805739825
      ],
      [
       51.551409303933255,
       35.73802634952049
      ],
      [
       51.551413400030114,
       35.738043120571376
      ],
      [
       51.551415731301795,
       35.738055803972415
      ],
      [
       51.55141703797328,
       35.73806429284636
      ],
      [
       51.55159921631758,
       35.739530782159186
      ],
      [
       51.551604787730696,
       35.73956191224611
      ],
      [
       51.551754385307376,
       35.740200077843156
      ],
      [
       51.55176500568792,
       35.74023549569334
      ],
      [
       51.55176798144316,
       35.74024360534444
      ],
      [
       51.551782895561395,
       35.74027782831549
      ],
      [
       51.551801985792906,
       35.740310654549944
      ],
      [
       51.55182505727881,
       35.74034174898203
      ],
      [
       51.55185187452256,
       35.74037079422292
      ],
      [
       51.55188216379368,
       35.740397493800394
      ],
      [
       51.551915615921814,
       35.74042157518504
      ],
      [
       51.55195188945253,
       35.740442792572
      ],
      [
       51.55199061413263,
       35.74046092938996
      ],
      [
       51.55203139468936,
       35.74047580051179
      ],
      [
       51.55207381486516,
       35.74048725414414
      ],
      [
       51.55211744166643,
       35.74049517337685
      ],
      [
       51.55216182978324,
       35.74049947737628
      ],
      [
       51.55220652613472,
       35.74050012221041
      ],
      [
       51.55225107449376,
       35.740497101297265
      ],
      [
       51.554613827097775,
       35.74023873647719
      ],
      [
       51.554658783336635,
       35.74023188320988
      ],
      [
       51.55470262811159,
       35.74022129749613
      ],
      [
       51.55474489286189,
       35.74020709246343
      ],
      [
       51.55478512591222,
       35.74018941991826
      ],
      [
       51.55482289729965,
       35.74016846872374
      ],
      [
       51.55485780336857,
       35.74014446278129
      ],
      [
       51.554889471084486,
       35.74011765863782
      ],
      [
       51.554917562020556,
       35.74008834274411
      ],
      [
       51.559868002035316,
       35.73433101342919
      ],
      [
       51.55989056468267,
       35.7343018966698
      ],
      [
       51.55990959511329,
       35.73427116112628
      ],
      [
       51.55992491888699,
       35.73423908853238
      ],
      [
       51.55993639554019,
       35.734205972877746
      ],
      [
       51.5599439198735,
       35.73417211771316
      ],
      [
       51.55994742291599,
       35.734137833368
      ],
      [
       51.55994687255745,
       35.7341034341057
      ],
      [
       51.55994227384266,
       35.73406923524304
      ],
      [
       51.55993366892521,
       35.73403555025988
      ],
      [
       51.55992113668106,
       35.73400268792568
      ],
      [
       51.559904791985566,
       35.733970949469146
      ],
      [
       51.55988478466045,
       35.73394062581713
      ],
      [
       51.55986129810049,
       35.7339119949278
      ],
      [
       51.559834547592516,
       35.733885319242866
      ],
      [
       51.55980477834189,
       35.73386084328185
      ],
      [
       51.55977226322496,
       35.73383879140077
      ],
      [
       51.55973730028772,
       35.73381936573561
      ],
      [
       51.54897649517807,
       35.72843590970293
      ],
      [
       51.548967141094494,
       35.7284309613074
      ],
      [
       51.54895335533721,
       35.728423259274216
      ],
      [
       51.54893563668893,
       35.72841225045704
      ],
      [
       51.54892713604597,
       35.72840639381253
      ],
      [
       51.548910873760576,
       35.72839399095958
      ],
      [
       51.54890314318436,
       35.7283874684446
      ],
      [
       51.54888850284285,
       35.728373797840526
      ],
      [
       51.548881621045346,
       35.72836667586669
      ],
      [
       51.548868751714245,
       35.728351876704224
      ],
      [
       51.548862788765234,
       35.72834422778677
      ],
      [
       51.54885182147881,
       35.728328450749544
      ],
      [
       51.548846838092466,
       35.728320352769
      ],
      [
       51.548837884518555,
       35.72830375849726
      ],
      [
       51.54883393143522,
       35.72829529390648
      ],
      [
       51.548827082738235,
       35.72827805136147
      ],
      [
       51.54882420020782,
       35.72826930634608
      ],
      [
       51.548819526120525,
       35.72825159108971
      ],
      [
       51.54881774349266,
       35.7282426546906
      ],
      [
       51.548815291606154,
       35.72822464709787
      ],
      [
       51.5488146270314,
       35.728215610304574
      ],
      [
       51.54881442231054,
       35.72819749372703
      ],
      [
       51.548814882555526,
       35.7281884485513
      ],
      [
       51.54881692708477,
       35.728170407450165
      ],
      [
       51.548818507463324,
       35.728161445989095
      ],
      [
       51.54882278042548,
       35.728143664057086
      ],
      [
       51.54882546484634,
       35.72813487755539
      ],
      [
       51.548831922734514,
       35.7281175358464
      ],
      [
       51.54883568386518,
       35.72810901376738
      ],
      [
       51.54884426092579,
       35.72809228885299
      ],
      [
       51.54884906047079,
       35.72808411796761
      ],
      [
       51.54885966937305,
       35.72806818013927
      ],
      [
       51.54886835901123,
       35.728056567373486
      ],
      [
       51.54887439531197,
       35.72804894104165
      ],
      [
       51.55007190526069,
       35.726616783575295
      ],
      [
       51.55009428589502,
       35.726587002379205
      ],
      [
       51.55011300445671,
       35.726555598927746
      ],
      [
       51.55012788447286,
       35.726522869283116
      ],
      [
       51.55013878565918,
       35.72648912201044
      ],
      [
       51.550145605242605,
       35.72645467526876
      ],
      [
       51.55014827893019,
       35.726419853811485
      ],
      [
       51.5501467815152,
       35.726384985924724
      ],
      [
       51.550141127114834,
       35.72635040033231
      ],
      [
       51.55013136903703,
       35.7263164230967
      ],
      [
       51.550117599278,
       35.72628337454494
      ],
      [
       51.55009994765485,
       35.726251566248735
      ],
      [
       51.5500785805817,
       35.72622129808702
      ],
      [
       51.55005369950082,
       35.72619285541883
      ],
      [
       51.5500255389835,
       35.726166506393
      ],
      [
       51.54999436451851,
       35.72614249942013
      ],
      [
       51.549960470009246,
       35.72612106083066
      ],
      [
       51.54992417500283,
       35.72610239274109
      ],
      [
       51.54988582167755,
       35.7260866711485
      ],
      [
       51.549845771616894,
       35.72607404427129
      ],
      [
       51.549804402400675,
       35.726064631151814
      ],
      [
       51.549762104045264,
       35.7260585205341
      ],
      [
       51.54151006558212,
       35.72519954185978
      ],
      [
       51.541487218524985,
       35.725197651585574
      ],
      [
       51.53930030050044,
       35.72506317411964
      ],
      [
       51.53925716877349,
       35.72506223516683
      ],
      [
       51.53921412950154,
       35.725064712194666
      ],
      [
       51.539171591943735,
       35.72507058164916
      ],
      [
       51.539129960588454,
       35.72507978771785
      ],
      [
       51.539089631307,
       35.7250922428605
      ],
      [
       51.53905098758932,
       35.72510782864153
      ],
      [
       51.539014396897365,
       35.725126396856204
      ],
      [
       51.53898020717094,
       35.72514777093994
      ],
      [
       51.538948743519114,
       35.72517174764721
      ],
      [
       51.53892030512883,
       35.72519809898421
      ],
      [
       51.5388951624199,
       35.72522657437686
      ],
      [
       51.53887355447357,
       35.72525690305352
      ],
      [
       51.53885568675918,
       35.725288796619694
      ],
      [
       51.53884172918027,
       35.72532195180042
      ],
      [
       51.53883181445906,
       35.72535605332406
      ],
      [
       51.53882603687433,
       35.725390776920264
      ],
      [
       51.53854130712595,
       35.728087576696396
      ],
      [
       51.53853993601036,
       35.7280973868828
      ],
      [
       51.538537384376085,
       35.72811203777678
      ],
      [
       51.538532665972674,
       35.72813138977257
      ],
      [
       51.53852965795591,
       35.7281409386611
      ],
      [
       51.53852235337289,
       35.728159753393165
      ],
      [
       51.538515928084784,
       35.728173599558176
      ],
      [
       51.538511329739045,
       35.728182739306355
      ],
      [
       51.53802162938818,
       35.729084465818495
      ]
     ]
    ]
   }
  },
  {
   "type": "Feature",
   "properties": {
    "key": "g725fb76",
    "title": "ملت",
    "subtitle": "مجتمع مسکونی رسالت، شمس آباد، مجتمع مسکونی قائم، برادران محمودی، هدایتی",
    "search_keywords": "مجتمع مسکونی رسالت، شمس آباد، مجتمع مسکونی قائم، برادران محمودی، هدایتی، دهقان، برادران ابوالحسنی، استاد حسن بنا، سلمان طرقی، مرکز خرید البرز، دانشگاه علمی کاربردی منطقه ۱۰، بوستان دهقان، ملت",
    "district": "منطقه 4",
    "source": "uncovered-land",
    "area_sqkm": 2.289
   },
   "geometry": {
    "type": "Polygon",
    "coordinates": [
     [
      [
       51.47166434482103,
       35.73997945926894
      ],
      [
       51.47166401769688,
       35.73997907384712
      ],
      [
       51.471646362502256,
       35.739988955969274
      ],
      [
       51.47162814353648,
       35.7399981287615
      ],
      [
       51.47161877650549,
       35.740002348677564
      ],
      [
       51.47159954935838,
       35.74001004563346
      ],
      [
       51.47158972314785,
       35.74001350910031
      ],
      [
       51.47156966854292,
       35.74001965787318
      ],
      [
       51.47155947551325,
       35.740022332336316
      ],
      [
       51.47153878195158,
       35.74002687513143
      ],
      [
       51.47152307587781,
       35.74002966739322
      ],
      [
       51.47151254544041,
       35.74003132333454
      ],
      [
       51.467782987110446,
       35.74054195704786
      ],
      [
       51.4677413076879,
       35.74054935752755
      ],
      [
       51.46770069968307,
       35.740559983420475
      ],
      [
       51.46766154063632,
       35.740573735935676
      ],
      [
       51.46762419461677,
       35.740590487213396
      ],
      [
       51.46758900883749,
       35.740610081513815
      ],
      [
       51.46755631042739,
       35.74063233666499
      ],
      [
       51.46752640338982,
       35.740657045756514
      ],
      [
       51.467499565776215,
       35.74068397906327
      ],
      [
       51.46747604710099,
       35.740712886181164
      ],
      [
       51.46745606602174,
       35.740743498355194
      ],
      [
       51.467439808306395,
       35.740775530978155
      ],
      [
       51.46742742510602,
       35.740808686236626
      ],
      [
       51.467419031549596,
       35.74084265587986
      ],
      [
       51.46741470567362,
       35.740877124085586
      ],
      [
       51.46741448769657,
       35.74091177039633
      ],
      [
       51.46741837964505,
       35.740946272698736
      ],
      [
       51.46742634533485,
       35.74098031021831
      ],
      [
       51.467438310707436,
       35.74101356650174
      ],
      [
       51.467454164518465,
       35.74104573235901
      ],
      [
       51.46747375937202,
       35.741076508738026
      ],
      [
       51.469384712137284,
       35.743753145422616
      ],
      [
       51.46939111219774,
       35.743762774344845
      ],
      [
       51.469400156300395,
       35.74377743259457
      ],
      [
       51.46941072648976,
       35.74379753538099
      ],
      [
       51.46941750947832,
       35.743812977692684
      ],
      [
       51.46942164772386,
       35.7438233909199
      ],
      [
       51.47083318696071,
       35.74778423187349
      ],
      [
       51.470846486380196,
       35.7478159356482
      ],
      [
       51.47086336302268,
       35.747846496093366
      ],
      [
       51.47088367025977,
       35.747875647692396
      ],
      [
       51.47090723165726,
       35.74790313716911
      ],
      [
       51.47093384250798,
       35.74792872568824
      ],
      [
       51.47237096003905,
       35.74918668570631
      ],
      [
       51.47237741092065,
       35.74919258723181
      ],
      [
       51.47238684017468,
       35.74920160489718
      ],
      [
       51.4723987496729,
       35.74921406473506
      ],
      [
       51.47240716814858,
       35.749223719545604
      ],
      [
       51.4724126080891,
       35.74923025831886
      ],
      [
       51.479239167105625,
       35.75783741240389
      ],
      [
       51.47924492960028,
       35.757845093820144
      ],
      [
       51.47925320935292,
       35.75785677951634
      ],
      [
       51.4792632742615,
       35.757872788835165
      ],
      [
       51.47926780416173,
       35.7578809828825
      ],
      [
       51.479275847503864,
       35.75789772922186
      ],
      [
       51.479279345821126,
       35.75790625002418
      ],
      [
       51.47928528698258,
       35.75792356554421
      ],
      [
       51.47928771865506,
       35.75793232770194
      ],
      [
       51.47929149809066,
       35.75795003885818
      ],
      [
       51.47929283874696,
       35.757958954552755
      ],
      [
       51.47929441857738,
       35.75797688383549
      ],
      [
       51.4792946547808,
       35.757985863709536
      ],
      [
       51.47929401917223,
       35.75800383142286
      ],
      [
       51.479293148555435,
       35.75801278547577
      ],
      [
       51.47929030387824,
       35.758030611538636
      ],
      [
       51.479288335166956,
       35.75803945002858
      ],
      [
       51.479283309931866,
       35.758056955779615
      ],
      [
       51.47928026285747,
       35.758065590123
      ],
      [
       51.4792731074298,
       35.75808260011116
      ],
      [
       51.479269012531546,
       35.75809094377045
      ],
      [
       51.47925979862643,
       35.75810728751343
      ],
      [
       51.47925469694534,
       35.758115256864464
      ],
      [
       51.47924351690897,
       35.75813077055744
      ],
      [
       51.47923745957656,
       35.75813828572754
      ],
      [
       51.47922442546063,
       35.75815281388482
      ],
      [
       51.47921747318639,
       35.75815979955335
      ],
      [
       51.47920271562507,
       35.75817319656675
      ],
      [
       51.47919104138261,
       35.75818278231359
      ],
      [
       51.47918305813943,
       35.75818901713466
      ],
      [
       51.478968171139385,
       35.75834862693662
      ],
      [
       51.47893698875618,
       35.75837423374056
      ],
      [
       51.47890911932108,
       35.75840224670385
      ],
      [
       51.47888484278183,
       35.758432384437
      ],
      [
       51.47886440299565,
       35.758464344207255
      ],
      [
       51.478848005279644,
       35.75849780497956
      ],
      [
       51.47883581434846,
       35.758532430641324
      ],
      [
       51.47882795265967,
       35.758567873378674
      ],
      [
       51.478824499183744,
       35.75860377717023
      ],
      [
       51.47882548861076,
       35.75863978136334
      ],
      [
       51.47883091100194,
       35.75867552429682
      ],
      [
       51.47884071188951,
       35.75871064693383
      ],
      [
       51.47885479282381,
       35.75874479646839
      ],
      [
       51.47887301236222,
       35.758777629869314
      ],
      [
       51.478895187489954,
       35.75880881732595
      ],
      [
       51.47892109545842,
       35.75883804556109
      ],
      [
       51.47895047602275,
       35.75886502097788
      ],
      [
       51.47898303405594,
       35.758889472608956
      ],
      [
       51.47901844251339,
       35.758911154838316
      ],
      [
       51.47905634571807,
       35.75892984986854
      ],
      [
       51.47907824954871,
       35.758939467900674
      ],
      [
       51.479111656701654,
       35.75895269599202
      ],
      [
       51.47914631304314,
       35.75896360061089
      ],
      [
       51.47918197404934,
       35.75897210481785
      ],
      [
       51.47979612559384,
       35.75909606830181
      ],
      [
       51.47983810481814,
       35.75910281006713
      ],
      [
       51.47988068966644,
       35.75910622719862
      ],
      [
       51.479923481836394,
       35.759106287735364
      ],
      [
       51.48289697890986,
       35.75899360080924
      ],
      [
       51.48294929561944,
       35.758989075206976
      ],
      [
       51.48430284457554,
       35.7588053559917
      ],
      [
       51.48434553523993,
       35.75879778501849
      ],
      [
       51.48438709815972,
       35.758786831430015
      ],
      [
       51.484427127982364,
       35.75877260205383
      ],
      [
       51.484465234307244,
       35.7587552356654
      ],
      [
       51.484501045493104,
       35.75873490163467
      ],
      [
       51.4845342122826,
       35.75871179827425
      ],
      [
       51.48456441120851,
       35.758686150905305
      ],
      [
       51.48459134774843,
       35.75865820966008
      ],
      [
       51.48461475919717,
       35.75862824704238
      ],
      [
       51.484634417228854,
       35.75859655526998
      ],
      [
       51.48465013012371,
       35.75856344342463
      ],
      [
       51.48466174463791,
       35.75852923443769
      ],
      [
       51.48466914749806,
       35.75849426194067
      ],
      [
       51.484672266505946,
       35.75845886701139
      ],
      [
       51.48467107124269,
       35.75842339484757
      ],
      [
       51.48466557336538,
       35.75838819140014
      ],
      [
       51.48452859345889,
       35.75776105797717
      ],
      [
       51.48452685155578,
       35.757751636467695
      ],
      [
       51.48452470287463,
       35.75773746454661
      ],
      [
       51.48452307574953,
       35.75771847299324
      ],
      [
       51.484522883418485,
       35.75770896224621
      ],
      [
       51.48452374176005,
       35.757689937545855
      ],
      [
       51.48452531625384,
       35.757675715971295
      ],
      [
       51.48452667626751,
       35.75766625309365
      ],
      [
       51.48521223906059,
       35.75379160027195
      ],
      [
       51.485215792855186,
       35.75376395753065
      ],
      [
       51.48530529498312,
       35.75265319559934
      ],
      [
       51.48530605163693,
       35.75261927077728
      ],
      [
       51.48530286457194,
       35.75258543924564
      ],
      [
       51.48529576220624,
       35.75255200266995
      ],
      [
       51.48528480786948,
       35.75251925919404
      ],
      [
       51.4845322082022,
       35.7506276580514
      ],
      [
       51.48452819024241,
       35.750616293404185
      ],
      [
       51.48452108473334,
       35.75059337716516
      ],
      [
       51.484517996219864,
       35.75058182246371
      ],
      [
       51.48361560737764,
       35.7465735691983
      ],
      [
       51.48361384056533,
       35.746564383588776
      ],
      [
       51.48361163202506,
       35.74655056490344
      ],
      [
       51.483609865211236,
       35.74653204197699
      ],
      [
       51.48360942693235,
       35.74651811193402
      ],
      [
       51.48360943077723,
       35.74650881494197
      ],
      [
       51.483675784672876,
       35.74445391233513
      ],
      [
       51.483676358542404,
       35.7444448615344
      ],
      [
       51.48367844739029,
       35.74442278097077
      ],
      [
       51.483678919796546,
       35.744373291020466
      ],
      [
       51.48367774957755,
       35.744357774830966
      ],
      [
       51.48367753970001,
       35.74434485870852
      ],
      [
       51.48367765422217,
       35.744336241926675
      ],
      [
       51.48380792648938,
       35.74129574823083
      ],
      [
       51.483806374850055,
       35.74125070293855
      ],
      [
       51.48360198967291,
       35.73942600361413
      ],
      [
       51.48359695068838,
       35.73939553450176
      ],
      [
       51.4835887230193,
       35.73936552669067
      ],
      [
       51.483192488290584,
       35.73816502122003
      ],
      [
       51.483179560354955,
       35.73813222561623
      ],
      [
       51.48316282607179,
       35.738100585558286
      ],
      [
       51.48314243912717,
       35.73807039162549
      ],
      [
       51.483118586752866,
       35.73804192111608
      ],
      [
       51.483091488006835,
       35.73801543550051
      ],
      [
       51.48306139176139,
       35.737991178020174
      ],
      [
       51.48302857441761,
       35.73796937145348
      ],
      [
       51.482993337366885,
       35.73795021606989
      ],
      [
       51.48295600422296,
       35.73793388779062
      ],
      [
       51.4829169178499,
       35.73792053657305
      ],
      [
       51.48287643721326,
       35.73791028503351
      ],
      [
       51.48283493408338,
       35.73790322732115
      ],
      [
       51.48279278962109,
       35.73789942825335
      ],
      [
       51.48275039087714,
       35.73789892272039
      ],
      [
       51.48270812723761,
       35.73790171536503
      ],
      [
       51.482666386847754,
       35.737907780539885
      ],
      [
       51.47181712970946,
       35.73992421544971
      ],
      [
       51.47177173801076,
       35.739934749985736
      ],
      [
       51.47172798675366,
       35.739949151884026
      ],
      [
       51.471686373981434,
       35.7399672572003
      ],
      [
       51.47166434482103,
       35.73997945926894
      ]
     ]
    ]
   }
  }
 ]
}